Ordnum	Order	OrderRefNo	SortNo	Synonym	AuthorYear	CommonName	BodyShapeI	Marine	Brackish	Freshwater	WaterSalinity	FamCount	SpeciesCount	EtymologyOrder	ClassNum	Class	ClassificationRemark	PhylogenyFamilies	PhylFamOrderRefNo	PhylogenyPostion	PhylPosOrderRefNo	SisterOrder	ComAncestor	ComAncRef1	ComAncRef2	PeriodRange	Period	EpochRange	Epoch	Complete	Remark	CAS_LIN	ZooBank_ID	Entered	DateEntered	Modified	DateModified	Expert	DateChecked	CommonName_German	CommonName_French	CommonName_Italian	CommonName_Spanish	CommonName_Portuguese	CommonName_Dutch	CommonName_Chinese	CommonName_Chinese_u	CommonName_Greek	CommonName_Greek_u	CommonName_Russian_u	CommonName_Russian	CommonName_Swedish	Class_Russian	EtymologyClass	TS
83	Acanthuriformes	123477	13825	0	NA	surgeonfishes	NA	-1	-1	-1	Mostly Marine	13	445	NA	6	Actinopteri	NA	Gill et al (2019: Ref YYY).	NA	NA	NA	NA	NA	NA	NA	NA	NA	NA	NA	0	NA	NA	NA	303	2020-02-19T00:00:00Z	NA	NA	303	NA	NA	NA	NA	NA	NA	NA	NA	NA	NA	NA	NA	NA	NA	NA	NA	NA
19	Acipenseriformes	7463	10630	0	NA	sturgeons and paddlefishes	elongated	-1	-1	-1	Marine and Freshwater	2	27	Latin, acipenser = sturgeon + Latin, forma = shape (Ref. 45335).	6	Actinopteri	NA	NA	NA	NA	NA	Polypteriformes	200	30649	30652	middle	Jurassic	NA	NA	-1	Caudal fin heterocercal; myodome and preopercle reduced or absent; gulars absent; skeleton largely cartilaginous; fin rays more numerous than their basals; intestine with spiral valve.	NA	NA	1	1999-12-11T00:00:00Z	2	1999-12-14T00:00:00Z	NA	NA	Störartige	Esturgeons et spatules	Acipenseriformi	NA	Esturjões	Steurachtigen	NA	NA	???????????????	&#913;&#954;&#953;&#960;&#949;&#957;&#963;&#949;&#961;&#972;&#956;&#959;&#961;&#966;&#945;	&#1086;&#1089;&#1077;&#1090;&#1088;&#1086;&#1086;&#1073;&#1088;&#1072;&#1079;&#1085;&#1099;&#1077;	??????????????	störartade fiskar	&#1083;&#1091;&#1095;&#1077;&#1087;&#1077;&#1088;&#1099;&#1077;	Greek aktis = ray, thunderbolt, beam + Greek pterygion, diminutive of pteryx = wing, fin. Ref. 45335.	NA
88	Acropomatiformes	NA	14374	0	NA	NA	NA	-1	-1	-1	Mostly Marine	20	293	NA	6	Actinopteri	NA	NA	NA	NA	NA	NA	NA	NA	NA	NA	NA	NA	NA	0	NA	NA	NA	303	2020-02-19T00:00:00Z	NA	NA	303	NA	NA	NA	NA	NA	NA	NA	NA	NA	NA	NA	NA	NA	NA	NA	NA	NA
24	Albuliformes	7463	10684	0	NA	bonefishes	fusiform / normal	-1	-1	-1	Mostly Marine	1	13	Latin, albulus = whitish (Ref. 45335).	6	Actinopteri	In Wiley & Johnson (2010: Ref. 84927):  Albuliformes.	NA	NA	NA	NA	Notacanthiformes	80	30656	30652	late	Cretaceous	NA	NA	-1	Mandibular sensory canal lying in an open groove in the dentary and angular bones (in all other elopomorphs the groove is roofed, in <i>Albula</i> there is a small roof in the angular).	NA	NA	1	1999-12-11T00:00:00Z	2	1999-12-14T00:00:00Z	NA	NA	Grätenfischartige	Bananes de mer et gisus	Albuliformi	NA	Peixes-banana, falsos-badejo	Gratenvisachtigen	NA	NA	NA	NA	&#1072;&#1083;&#1100;&#1073;&#1091;&#1083;&#1077;&#1086;&#1073;&#1088;&#1072;&#1079;&#1085;&#1099;&#1077;	???????????????	beningartade fiskar	&#1083;&#1091;&#1095;&#1077;&#1087;&#1077;&#1088;&#1099;&#1077;	Greek aktis = ray, thunderbolt, beam + Greek pterygion, diminutive of pteryx = wing, fin. Ref. 45335.	NA
69	Alepocephaliformes	123477	11017	0	NA	slickheads and tubeshoulders.	NA	-1	0	0	All Marine	2	142	 Latin, forma = shape (Ref. 45335).	6	Actinopteri	NA	NA	NA	NA	NA	NA	NA	NA	NA	NA	NA	NA	NA	0	NA	NA	NA	303	2000-04-28T00:00:00Z	NA	NA	303	NA	NA	NA	NA	NA	NA	NA	NA	NA	NA	NA	NA	NA	NA	NA	NA	NA
21	Amiiformes	7463	10657	0	NA	bowfins	elongated	0	0	-1	All Freshwater	1	1	Greek, amia = a kind of shark or tunna + Latin, forma = shape (Ref. 45335).	6	Actinopteri	NA	NA	NA	NA	NA	Osteoglossiformes	250	30649	30652	early	Triassic	NA	NA	-1	Caudal fin abbreviate heterocercal; dorsal fin base long, with about 48 rays; large median gular plate and 10-13 branchiostegal rays; swim bladder can function as a lung; no pyloric caeca. Maximum length about 90 cm.	NA	NA	1	1999-12-11T00:00:00Z	2	1999-12-14T00:00:00Z	NA	NA	Schlammfische, Kahlhechte	Amies	Amiformi	NA	Amiiformes	Moddersnoeken	NA	NA	NA	NA	&#1072;&#1084;&#1080;&#1077;&#1086;&#1073;&#1088;&#1072;&#1079;&#1085;&#1099;&#1077;	????????????	bågfenor	&#1083;&#1091;&#1095;&#1077;&#1087;&#1077;&#1088;&#1099;&#1077;	Greek aktis = ray, thunderbolt, beam + Greek pterygion, diminutive of pteryx = wing, fin. Ref. 45335.	NA
79	Anabantiformes	123477	13042	0	NA	gouramies, snakeheads	NA	-1	-1	-1	Mostly Freshwater	8	258	NA	6	Actinopteri	NA	NA	NA	NA	NA	NA	NA	NA	NA	NA	NA	NA	NA	0	NA	NA	NA	303	2020-02-19T00:00:00Z	NA	NA	303	NA	NA	NA	NA	NA	NA	NA	NA	NA	NA	NA	NA	NA	NA	NA	NA	NA
26	Anguilliformes	7463	10711	0	NA	eels and morays	eel-like	-1	-1	-1	Mostly Marine	16	932	Latin, anguila = eel + Latin, forma = shape (Ref. 45335).	6	Actinopteri	In Wiley & Johnson (2010: Ref. 84927):  Anguilliformes.	NA	NA	NA	NA	Saccopharyngiformes	85	30656	NA	middle	Cretaceous	NA	NA	0	Pelvic fins and skeleton absent; pectoral fins and girdle absent in some; pectoral fins, when present, at least midlateral in position or higher and skeleton lacking bony connection to skull (posttemporal absent); dorsal and anal fins confluent with caudal fin (caudal fin rayless or lost in some); scales usually absent or, if present, cycloid and embedded; body very elongate (eel-like); gill openings usually narrow; gill region elongate and gills displaced posteriorly; gill rakers absent; pyloric caeca absent; maxilla toothed, bordering mouth; the two pre-maxillae (rarely absent), the vomer (usually), and the ethmoid united into a single bone; branchiostegal rays 6-49; swim bladder present, duct usually present; oviducts absent; opisthotic, orbitosphenoid, mesocoracoid, gular plate, posttemporal, postcleithra, supramaxilla, and extrascapular bones absent; ossified symplectic absent (cartilaginous one present in Synaphobranchidae); hyomandibular united with quadrate; ribs present or absent.	NA	NA	1	1999-12-11T00:00:00Z	2	1999-12-14T00:00:00Z	NA	NA	Aalartige	Anguilles, congres et murènes	Anguilliformi	NA	Enguias, congros e moreias	Palingachtigen	NA	NA	????????	&#917;&#947;&#967;&#949;&#955;&#949;&#953;&#962;	&#1091;&#1075;&#1088;&#1077;&#1086;&#1073;&#1088;&#1072;&#1079;&#1085;&#1099;&#1077;	????????????	ålartade fiskar	&#1083;&#1091;&#1095;&#1077;&#1087;&#1077;&#1088;&#1099;&#1077;	Greek aktis = ray, thunderbolt, beam + Greek pterygion, diminutive of pteryx = wing, fin. Ref. 45335.	NA
71	Argentiniformes	123477	11890	0	NA	marine smelts	NA	-1	-1	0	All Marine	4	92	NA	6	Actinopteri	NA	NA	NA	NA	NA	NA	NA	NA	NA	NA	NA	NA	NA	0	NA	NA	NA	303	NA	NA	NA	303	NA	NA	NA	NA	NA	NA	NA	NA	NA	NA	NA	NA	NA	NA	NA	NA	NA
38	Ateleopodiformes	7463	12034	0	NA	jellynose fishes	NA	-1	0	0	All Marine	1	13	Greek, a = without + Greek, teleo, teleio = perfect, complet + Greek, pous = foot + Latin, forma = shape (Ref. 45335).	6	Actinopteri	In Wiley & Johnson (2010: Ref. 84927):  Ateleopodiformes.	NA	NA	NA	NA	Stomiiformes	70	7463	NA	NA	NA	NA	NA	0	Caudal fin reduced, united with the long anal fin; pelvic fin of adults with single ray on throat (young specimens and <i>Guentherus</i> gave several rays, and the pelvics of the latter are behind the pectorals); dorsal fin with 3-13 rays; skeleton largely cartilaginous; snout bilbous; branchiostegal rays 7. Maximum length about 2 m. Marine species.	NA	NA	1	2000-05-09T00:00:00Z	NA	NA	NA	NA	Tiefseequappenartige	Atéléopodes	Ateleopodiformi	NA	Ateleopodiformes	Diepzeekwabben	NA	NA	NA	NA	&#1083;&#1086;&#1078;&#1085;&#1086;&#1076;&#1086;&#1083;&#1075;&#1086;&#1093;&#1074;&#1086;&#1089;&#1090;&#1086;&#1086;&#1073;&#1088;&#1072;&#1079;&#1085;&#1099;&#1077;	????????????????????????	geléfiskar	&#1083;&#1091;&#1095;&#1077;&#1087;&#1077;&#1088;&#1099;&#1077;	Greek aktis = ray, thunderbolt, beam + Greek pterygion, diminutive of pteryx = wing, fin. Ref. 45335.	NA
49	Atheriniformes	7463	13411	0	NA	silversides	NA	-1	-1	-1	Mostly Freshwater	10	361	Greek, atherine = a kind of smelt + Latin, forma = shape (Ref. 45335).	6	Actinopteri	In Wiley & Johnson (2010: Ref. 84927):  Atheriniformes.	NA	NA	NA	NA	Beloniformes	45	30652	30649	early	Tertiary	middle	Eocene	0	Usually two dorsal fins, the first, if present, with flexible spines; anal fin usually preceded by a spine; lateral line absent or very weak; branchiostegal rays 4-7; narial openings paired; pelvic fins abdominal, subadominal, or thoracic in position (essentially absent in female phallostethids and highly modified in male phallostethids); parietals usually present.	NA	NA	1	1999-12-11T00:00:00Z	2	1999-12-15T00:00:00Z	NA	NA	Ährenfischartige	Athérines	Ateriniformi	NA	Peixes-rei	Koornaarvisachtigen	NA	NA	????????????	&#913;&#952;&#949;&#961;&#953;&#957;&#972;&#956;&#959;&#961;&#966;&#945;	&#1072;&#1090;&#1077;&#1088;&#1080;&#1085;&#1086;&#1086;&#1073;&#1088;&#1072;&#1079;&#1085;&#1099;&#1077;	???????????????	silversideartade fiskar	&#1083;&#1091;&#1095;&#1077;&#1087;&#1077;&#1088;&#1099;&#1077;	Greek aktis = ray, thunderbolt, beam + Greek pterygion, diminutive of pteryx = wing, fin. Ref. 45335.	NA
39	Aulopiformes	7463	12043	0	NA	grinners	NA	-1	-1	0	All Marine	15	270	Greek, aulopias= fistula, pipe, flute; a kind of fistulated fish named ""Fistularia"" + Latin, forma = shape. Fistula, 1481 (Ref. 45335).	6	Actinopteri	In Wiley & Johnson (2010: Ref. 84927):  Aulopiformes.	NA	NA	NA	NA	Myctophiformes	70	30652	30649	late	Cretaceous	NA	NA	0	Second pharyngobranchial greatly elongated posterolaterally, extending away from third pharyngobranchial, with elongated uncinate process of second epibranchial contacting third pharyngobranchial, and third pharyngobranchial lacking cartilaginous condyle for articulation of second epibranchial.	NA	NA	1	1999-12-11T00:00:00Z	2	1999-12-15T00:00:00Z	NA	NA	Flaggenflosserartige	Barracudines et poissons-lézards	Aulopiformi	NA	Lagartos	Draadzeilvissen	NA	NA	????????????	&#913;&#965;&#955;&#959;&#960;&#953;&#972;&#956;&#959;&#961;&#966;&#945;	&#1072;&#1091;&#1083;&#1086;&#1087;&#1086;&#1086;&#1073;&#1088;&#1072;&#1079;&#1085;&#1099;&#1077;	??????????????	bredfenartade fiskar	&#1083;&#1091;&#1095;&#1077;&#1087;&#1077;&#1088;&#1099;&#1077;	Greek aktis = ray, thunderbolt, beam + Greek pterygion, diminutive of pteryx = wing, fin. Ref. 45335.	NA
46	Batrachoidiformes	7463	12664	0	NA	toadfishes	NA	-1	-1	-1	Mostly Marine	1	83	Greek, batrachos = frog + Latin, forma = shape (Ref. 45335).	6	Actinopteri	In Wiley & Johnson (2010: Ref. 84927):  Batrachoidiformes.	NA	NA	NA	NA	Gadiformes	20	30652	30649	middle	Tertiary	middle	Miocene	-1	Body usually scaleless (small cycloid scales in some); head large with eyes more dorsal than lateral; mouth large and bordered by premaxilla and maxilla; pore (foramen) in axil of pectoral fin in some; pelvic fins jugular (in front of pectorals), with one spine and two or three soft rays; three pairs of gills; gill membrane broadly joined to isthmus; branchiostegal rays six; four or five pectoral radials; swim bladder present; upper hypurals with peculiar intervertebrallike basal articulation with rest of caudal skeleton; no ribs, epiotics, or intercalars; no pyloric caeca.	NA	NA	1	1999-12-11T00:00:00Z	2	1999-12-15T00:00:00Z	NA	NA	Froschfische	Poissons-crapauds	Batracoidiformi	NA	Charrocos	Paddevissen of Kikvorsvissen	NA	NA	????????????????	&#914;&#945;&#964;&#961;&#945;&#967;&#959;&#949;&#953;&#948;&#972;&#956;&#959;&#961;&#966;&#945;	&#1073;&#1072;&#1090;&#1088;&#1072;&#1093;&#1086;&#1086;&#1073;&#1088;&#1072;&#1079;&#1085;&#1099;&#1077;&#44;&#32;&#1078;&#1072;&#1073;&#1086;&#1086;&#1073;&#1088;&#1072;&#1079;&#1085;&#1099;&#1077;	???????????????, ????????????	paddfiskartade fiskar	&#1083;&#1091;&#1095;&#1077;&#1087;&#1077;&#1088;&#1099;&#1077;	Greek aktis = ray, thunderbolt, beam + Greek pterygion, diminutive of pteryx = wing, fin. Ref. 45335.	NA
51	Beloniformes	7463	13627	0	NA	needle fishes	elongated	-1	-1	-1	Marine and Freshwater	6	286	Greek, belone = needle + Latin, forma = shape (Ref. 45335).	6	Actinopteri	In Wiley & Johnson (2010: Ref. 84927):  Beloniformes.	NA	NA	NA	NA	Cyprinodontiformes	45	30652	30649	early	Tertiary	middle	Eocene	-1	Interarcual cartilage (connects the epibranchial bone of the first gill arch with the infrapharyngobranchial of the second gill arch) small or absent; small second and third epibranchials; interhyal absent; lower caudal fin lobe with more principal rays than the upper lobe. Presence of a fixed or nonprotrusible upper jaw.	NA	NA	1	1999-12-11T00:00:00Z	2	2000-04-11T00:00:00Z	NA	NA	Hornhechtartige	Orphies et poissons-volants	Beloniformi	NA	Peixes-agulha	Geepachtigen	NA	NA	???????????	&#914;&#949;&#955;&#959;&#957;&#972;&#956;&#959;&#961;&#966;&#945;	&#1089;&#1072;&#1088;&#1075;&#1072;&#1085;&#1086;&#1086;&#1073;&#1088;&#1072;&#1079;&#1085;&#1099;&#1077;	???????????????	näbbgäddartade fiskar	&#1083;&#1091;&#1095;&#1077;&#1087;&#1077;&#1088;&#1099;&#1077;	Greek aktis = ray, thunderbolt, beam + Greek pterygion, diminutive of pteryx = wing, fin. Ref. 45335.	NA
53	Beryciformes	7463	12502	0	NA	sawbellies	NA	-1	-1	0	All Marine	8	120	Greek, beryx or berys = a name of a fish.  See the etymology of the genus <i>Beryx</i> for more details.	6	Actinopteri	In Wiley & Johnson (2010: Ref. 84927):  Beryciformes.	NA	NA	NA	NA	Stomiiformes	70	30652	30649	late	Cretaceous	NA	NA	0	Orbitosphenoid present; two supramaxillae in Berycidae and Holocentridae; subocular shelf present (may be reduced); pelvic fins usually with more than five soft rays; 16 or 17 branched caudal fin rays (or 18 or 19 principal rays); maxillae partially included in gape in some. All species share a modification of the anterior part of the supraorbital and infraorbital sensory canals, called ""Jakubowski's organ"".	NA	NA	1	1999-12-11T00:00:00Z	303	2013-01-03T00:00:00Z	NA	NA	Schleimkopfartige	Béryx, hoplostèthes, poissons-écureuils et poisson	Bericiformi	NA	Alfonsins	Slijmkopvissen	NA	NA	NA	NA	&#1073;&#1077;&#1088;&#1080;&#1082;&#1089;&#1086;&#1086;&#1073;&#1088;&#1072;&#1079;&#1085;&#1099;&#1077;	???????????????	beryxartade fiskar	&#1083;&#1091;&#1095;&#1077;&#1087;&#1077;&#1088;&#1099;&#1077;	Greek aktis = ray, thunderbolt, beam + Greek pterygion, diminutive of pteryx = wing, fin. Ref. 45335.	NA
82	Blenniiformes	123477	13699	0	NA	blennies	NA	-1	-1	-1	Mostly Marine	6	936	NA	6	Actinopteri	NA	NA	NA	NA	NA	NA	NA	NA	NA	NA	NA	NA	NA	0	NA	NA	NA	303	2020-02-19T00:00:00Z	NA	NA	303	NA	NA	NA	NA	NA	NA	NA	NA	NA	NA	NA	NA	NA	NA	NA	NA	NA
86	Callionymiformes	NA	12880	0	NA	NA	NA	-1	-1	-1	Mostly Marine	2	211	NA	6	Actinopteri	NA	NA	NA	NA	NA	NA	NA	NA	NA	NA	NA	NA	NA	0	NA	NA	NA	303	2020-02-19T00:00:00Z	NA	NA	303	NA	NA	NA	NA	NA	NA	NA	NA	NA	NA	NA	NA	NA	NA	NA	NA	NA
89	Carangaria/misc	NA	13114	0	NA	NA	NA	-1	-1	-1	Marine and Freshwater	8	106	NA	6	Actinopteri	NA	NA	NA	NA	NA	NA	NA	NA	NA	NA	NA	NA	NA	0	NA	NA	NA	303	2020-02-19T00:00:00Z	NA	NA	303	NA	NA	NA	NA	NA	NA	NA	NA	NA	NA	NA	NA	NA	NA	NA	NA	NA
80	Carangiformes	123477	13330	0	NA	NA	NA	-1	-1	-1	Mostly Marine	7	171	NA	6	Actinopteri	NA	NA	NA	NA	NA	NA	NA	NA	NA	NA	NA	NA	NA	0	NA	NA	NA	303	2020-02-19T00:00:00Z	NA	NA	303	NA	NA	NA	NA	NA	NA	NA	NA	NA	NA	NA	NA	NA	NA	NA	NA	NA
8	Carcharhiniformes	7463	10198	0	NA	ground sharks	NA	-1	-1	-1	Mostly Marine	9	296	Greek, carcharias = shark Latin, clupea}, sardine + {Latin. Shape}, look, appearance, shape. 1880 (Ref. 45335).	4	Elasmobranchii	NA	NA	NA	NA	NA	Lamniformes	135	30654	NA	early	Cretaceous	NA	NA	-1	Two dorsal fins (one dorsal fin in the scyliorhinid <i>Pentachus profundicolus</i>, known only from the holotype), without spines; anal fin present; five gill slits, with the last one to three over the pectoral fin; gill rakers absent; eyes with nictitating fold or membrane; spiracles present or absent; intestinal value of spiral or scroll type. Development may be oviparous, ovoviparous, or viviparous.	NA	NA	1	1999-12-11T00:00:00Z	2	1999-12-11T00:00:00Z	NA	NA	Grundhaie	Chiens de mer, émissoles, holbiches et roussettes	Carcariniformi	NA	Tubarões	Roofhaaien	NA	NA	??????????????	&#922;&#945;&#961;&#967;&#945;&#961;&#953;&#957;&#972;&#956;&#959;&#961;&#966;&#945;	&#1082;&#1072;&#1088;&#1093;&#1072;&#1088;&#1080;&#1085;&#1086;&#1086;&#1073;&#1088;&#1072;&#1079;&#1085;&#1099;&#1077;	?????????????????	gråhajartade hajar	&#1087;&#1083;&#1072;&#1089;&#1090;&#1080;&#1085;&#1086;&#1078;&#1072;&#1073;&#1077;&#1088;&#1085;&#1099;&#1077;	Greek eulanein, elasmos = metal beaten out + Greek brangchia = gills. Ref. 45335.	NA
84	Centrarchiformes	123477	14194	0	NA	basses	NA	-1	-1	-1	Marine and Freshwater	20	295	NA	6	Actinopteri	NA	NA	NA	NA	NA	NA	NA	NA	NA	NA	NA	NA	NA	0	NA	NA	NA	303	2020-02-19T00:00:00Z	NA	NA	303	NA	NA	NA	NA	NA	NA	NA	NA	NA	NA	NA	NA	NA	NA	NA	NA	NA
15	Ceratodontiformes	123477	15373	0	NA	Australian lungfishes	elongated	0	0	-1	All Freshwater	3	6	Greek, keras = horn + Greek, odous = tooth, teeth + Latin, forma = shape (Ref. 45335).	11	Dipneusti	NA	NA	NA	NA	NA	Lepidosireniformes	400	30649	30653	early	Devonian	NA	NA	-1	Pectoral and pelvic fins flipperlike; scales large; air bladder (lung) unpaired; larvae without external gills; adults do not estivate.	NA	NA	1	1999-12-11T00:00:00Z	2	1999-12-11T00:00:00Z	NA	NA	Australische Lungenfische	Dipneustes d'Australie	Ceratodontiformi	NA	Peixes pulmonados Australianos	Australische longvissen	NA	NA	NA	NA	&#1088;&#1086;&#1075;&#1086;&#1079;&#1091;&#1073;&#1086;&#1086;&#1073;&#1088;&#1072;&#1079;&#1085;&#1099;&#1077;	????????????????	NA	&#1083;&#1086;&#1087;&#1072;&#1089;&#1090;&#1077;&#1087;&#1077;&#1088;&#1099;&#1077;	Greek sark, sarx = flesh + Greek pterygion, diminutive of pteryx = wing, fin. Ref. 45335.	NA
54	Cetomimiformes	7463	NA	-1	NA	whalefishes	NA	-1	0	0	all marine	5	33	Greek, ketos = whale, marine monster + Greek, mimos = imitative, imitator + Latin, forma = shape (Ref. 45335).	6	Actinopteri	In Wiley & Johnson (2010: Ref. 84927):  in Stephanoberyciformes.	NA	NA	NA	NA	Beryciformes	70	30652	30649	late	Cretaceous	NA	NA	0	Complete loss of fin spines. The whalefishes have a whale-shaped body; mouth very large and stomach highly distensible; eyes well developed to degenerate; latera line made up of enormous hollow tubes; luminous tissue on body; dorsal and anal fins far back on body and opposite one another; no swim bladder; orbitosphenoid absent; supramaxilla absent or reduced; color usually orange and red on a black body.	NA	NA	1	1999-12-11T00:00:00Z	2	2000-04-27T00:00:00Z	NA	NA	Walköpfige Fische	Poissons-baleines	Cetomimiformi	NA	Peixes-baleia	Walviskopvissen	NA	NA	NA	NA	&#63;&#32;&#1062;&#1077;&#1090;&#1086;&#1084;&#1080;&#1084;&#1080;&#1086;&#1073;&#1088;&#1072;&#1079;&#1085;&#1099;&#1077;	? ????????????????	NA	&#1083;&#1091;&#1095;&#1077;&#1087;&#1077;&#1088;&#1099;&#1077;	Greek aktis = ray, thunderbolt, beam + Greek pterygion, diminutive of pteryx = wing, fin. Ref. 45335.	NA
31	Characiformes	7463	11269	0	NA	characins	NA	-1	-1	-1	Mostly Freshwater	24	2187	Greek, charax = a marine fish + Latin, forma = shape (Ref. 45335).	6	Actinopteri	In Wiley & Johnson (2010: Ref. 84927):  Characiformes.	NA	NA	NA	NA	Siluriformes	150	30652	30657	late	Jurassic	NA	NA	0	Teeth usually well developed (most are carnivores); adipose fin usually present; body almost always scaled (scales very rarely absent in South American species, e.g., the tetra <i>Gymnocharacinus bergi</i> of Argentina is naked, lacks an adipose fin, and is the most southerly known characiform); probably ctenoid or ctenoidlike scales in some; pelvic fin present (with 5-12 rays); anal fin short to moderately long (fewer than 45 rays); lateral line often decurved, sometimes incomplete; upper jaw usually not truly protractile; pharyngeal teeth usually present, but not usually specialized as in cypriniforms (anostomids have highly modified pharyngeal teeth); barbels absent; branchiostegal rays 3-5; usually 3 postcleithra; first hypural separated from the centrum by a gap in adults (most other primitive teleosts lack such a gap); usually 19 principal caudal fin rays.	NA	NA	1	1999-12-11T00:00:00Z	2	1999-12-15T00:00:00Z	NA	NA	Salmler	Characins	Caraciformi	NA	Caracins	Karperzalmen	NA	NA	NA	NA	&#1093;&#1072;&#1088;&#1072;&#1094;&#1080;&#1085;&#1086;&#1086;&#1073;&#1088;&#1072;&#1079;&#1085;&#1099;&#1077;	????????????????	laxkarpar	&#1083;&#1091;&#1095;&#1077;&#1087;&#1077;&#1088;&#1099;&#1077;	Greek aktis = ray, thunderbolt, beam + Greek pterygion, diminutive of pteryx = wing, fin. Ref. 45335.	NA
3	Chimaeriformes	7463	10594	0	NA	chimaeras	elongated	-1	-1	0	All Marine	3	56	Latin, chimaera = monster. 1634 + Latin, forma = shape (Ref. 45335).	3	Holocephali	NA	NA	NA	NA	NA	Hexanchiformes	400	30652	30649	early	Devonian	NA	NA	-1	Dentition consisting of a few large permanent grinding tooth plates; palatoquadrate fused to neurocranium. Two dorsal fins, the first erectile, with short base, and preceded by an erectile spine, the second nonerectile, low, and with a long base; mouth inferior. Internal fertilization; eggs encased in a brown horny capsule. Water for breathing is chiefly taken in through the nostrils. Maximum length about 1.5 m.	NA	NA	1	1999-12-11T00:00:00Z	NA	NA	NA	NA	Seekatzenartige	Chimères	Chimeriformi	NA	Quimeras	Zeekatten	NA	NA	????????????	&#935;&#953;&#956;&#945;&#953;&#961;&#972;&#956;&#959;&#961;&#966;&#945;	&#1093;&#1080;&#1084;&#1077;&#1088;&#1086;&#1086;&#1073;&#1088;&#1072;&#1079;&#1085;&#1099;&#1077;	??????????????	havsmusartade fiskar	&#1094;&#1077;&#1083;&#1100;&#1085;&#1086;&#1075;&#1086;&#1083;&#1086;&#1074;&#1099;&#1077;&#44;&#32;&#1089;&#1083;&#1080;&#1090;&#1085;&#1086;&#1095;&#1077;&#1088;&#1077;&#1087;&#1085;&#1099;&#1077;	Greek holos = whole + Greek kephale = head. Ref. 45335.	NA
81	Cichliformes	123477	13393	0	NA	cichlids, convict blennies	NA	-1	-1	-1	Mostly Freshwater	2	1745	NA	6	Actinopteri	NA	NA	NA	NA	NA	NA	NA	NA	NA	NA	NA	NA	NA	0	NA	NA	NA	303	2020-02-19T00:00:00Z	NA	NA	303	NA	NA	NA	NA	NA	NA	NA	NA	NA	NA	NA	NA	NA	NA	NA	NA	NA
28	Clupeiformes	7463	10954	0	NA	herrings	NA	-1	-1	-1	Marine and Freshwater	7	399	Latin, clupea = sardine +  Latin, forma = shape. 1880 (Ref. 45335).	6	Actinopteri	In Wiley & Johnson (2010: Ref. 84927):  Clupeiformes.	NA	NA	NA	NA	Elopiformes	140	30652	30657	early	Cretaceous	NA	NA	-1	Recessus lateralis present (part of the otophysic connection in which various sensory canals merge within a chamber in the otic region of the neurocranium, not known from any other group); parasphenoid teeth absent; no large foramen on the anterior ceratohyal; parietals separated by the supraoccipital; no leptocephalous larvae. Most are plankton feeders, with long and sometimes very numerous gill rakers that serve as straining devices.	NA	NA	1	1999-12-11T00:00:00Z	2	1999-12-14T00:00:00Z	NA	NA	Heringsfische	Anchois, harengs et sardines	Clupeiformi	NA	Sardinhas e arenques	Haringachtigen	NA	NA	????????????	&#922;&#955;&#959;&#965;&#960;&#949;&#972;&#956;&#959;&#961;&#966;&#945;	&#1089;&#1077;&#1083;&#1100;&#1076;&#1077;&#1086;&#1073;&#1088;&#1072;&#1079;&#1085;&#1099;&#1077;	??????????????	sillartade fiskar	&#1083;&#1091;&#1095;&#1077;&#1087;&#1077;&#1088;&#1099;&#1077;	Greek aktis = ray, thunderbolt, beam + Greek pterygion, diminutive of pteryx = wing, fin. Ref. 45335.	NA
17	Coelacanthiformes	38228	15364	0	NA	coelacanths	fusiform / normal	-1	0	0	All Marine	1	2	Greek, koilos = cavity + Greek, acantha = thorn or prickle, in refernce to hollow, elongated, posterior neural and haemal spines that articulate with the caudal fin rays.	10	Coelacanthi	NA	NA	NA	NA	NA	Ceratodontiformes	400	30649	30653	early	Devonian	NA	NA	-1	Two dorsal fins, each with a single proximal skeletal element; first dorsal fin sail-like, the membrane supported by bony spines or segmented fin-rays; second dorsal fin, anal fin and the paired (pectoral and pelvic) fins with a muscular basal lobe projecting from the body and containing several cartilaginous or bony skeletal elements.  Notochord a well-developed, thick-walled tube filled with fluid in adult (In most other fishes, the notochord is replaced in the developing embryo by bony vertebral centra). 
Contrary to ""conventional wisdom"" the name ""coelacanth"" (meaning ""hollow spine"") is not derived from the hollow notochord which serves as a spinal column for these fishes.  The term was originally published as a generic name for the fossil coelacanths because of the hollow, elongated, posterior neural and haemal spines that articulate with the caudal fin rays.	NA	NA	1	1999-12-11T00:00:00Z	1	1999-12-11T00:00:00Z	NA	NA	Hohlstachlerartige	Coelacanthes	Celacantiformi	NA	Celacantos	Coelacanths	NA	NA	???????????????	&#922;&#945;&#953;&#955;&#945;&#954;&#945;&#957;&#952;&#972;&#956;&#959;&#961;&#966;&#945;	&#1094;&#1077;&#1083;&#1072;&#1082;&#1072;&#1085;&#1090;&#1086;&#1086;&#1073;&#1088;&#1072;&#1079;&#1085;&#1099;&#1077;	?????????????????	tofsstjärtfiskar	&#1083;&#1086;&#1087;&#1072;&#1089;&#1090;&#1077;&#1087;&#1077;&#1088;&#1099;&#1077;	Greek sark, sarx = flesh + Greek pterygion, diminutive of pteryx = wing, fin. Ref. 45335.	NA
30	Cypriniformes	7463	11062	0	NA	carps	NA	-1	-1	-1	Mostly Freshwater	23	4517	Greek, kyprinos = goldfish + Latin, forma = shape. 1828 (Ref. 45335).	6	Actinopteri	In Wiley & Johnson (2010: Ref. 84927):  Cypriniformes.	NA	NA	NA	NA	Characiformes	150	30652	30657	late	Jurassic	NA	NA	0	Kinethmoid present (a median bone between ascending processes of premaxillae); palatine articulating in a socket of the endoptrygoid; fifth ceratobranchial (the pharyngeal bone) enlarged, with teeth ankylosed to the bone (bound by collagenous fibers to the bone in other ostariophysans with teeth, pharyngeal teeth absent in gyrinocheilids); pharyngeal teeth opposed to enlarged posterior process of basioccipital bone (which encloses the dorsal aorta) rather than to upper pharyngeal elements, the basioccipital process against which the pharyngeal teeth press usually covered by a pad (toug horny pad in cyprinids, soft pad in catostomids); ascending process to premaxillae; upper jaw usually protractile; mouth (jaws and palate) always toothless; adipose fin absent (except in some cobitoids); head almost always scaleless; branchiostegal rays three; spinelike rays in dorsal fin of some species.  

Only two species occur in true marine waters as diadromous species, <i>Tribolodon brandtii</i> (Dybowski, 1872) and <i>Tribolodon sachalinensis</i> (Nikolskii, 1889).	NA	NA	1	1999-12-11T00:00:00Z	303	1999-12-15T00:00:00Z	NA	NA	Karpfenartige	Carpes et poissons blancs	Cipriniformi	NA	Carpas	Karperachtigen	NA	NA	????????????	&#922;&#965;&#960;&#961;&#953;&#957;&#972;&#956;&#959;&#961;&#966;&#945;	&#1082;&#1072;&#1088;&#1087;&#1086;&#1086;&#1073;&#1088;&#1072;&#1079;&#1085;&#1099;&#1077;	?????????????	karpartade fiskar	&#1083;&#1091;&#1095;&#1077;&#1087;&#1077;&#1088;&#1099;&#1077;	Greek aktis = ray, thunderbolt, beam + Greek pterygion, diminutive of pteryx = wing, fin. Ref. 45335.	NA
50	Cyprinodontiformes	7463	13501	0	NA	rivulines, killifishes and live bearers	NA	-1	-1	-1	Mostly Freshwater	14	1351	Greek, kyprinos = goldfish + Greek, odous = tooth, teeth + Latin, forma = shape (Ref. 45335).	6	Actinopteri	In Wiley & Johnson (2010: Ref. 84927):  Cyprinodontiformes.	NA	NA	NA	NA	Beloniformes	45	30652	30649	early	Tertiary	middle	Eocene	0	Monophyly of this order is recognized on the basis of several derived characters: e.g., caudal fin symmetrical, supported internally by one epural; first pleural rib on second vertebrae rather than third; primitively, low-set pectoral girdle with a scalelike postcleithrum; an alveolar arm of the premaxillae; extended developmental period. In addition, they possess the following characters: lateral line canal and pores chiefly on head, lateral line represented on body only by pitted scales; narial opening paired; branchiostegal rays 3-7; pelvic fins and girdle present or absent; upper jaw bordered by premaxilla only, protrusible; vomer usually present and supracleithrum always present; metapterygoid usually absent and ectopterygoid always absent; parietals present or absent; vertebrae 24-54. Marked sexual dimorphism with the males often brightly colored.	NA	NA	1	1999-12-11T00:00:00Z	2	2000-04-11T00:00:00Z	NA	NA	Zahnkärpflinge	Gambusies, guppys, killis et mollys	Cprinodontiformi	NA	Gambusinos	Tandkarpers	NA	NA	?????????????????	&#922;&#965;&#960;&#961;&#953;&#957;&#959;&#948;&#959;&#957;&#964;&#972;&#956;&#959;&#961;&#966;&#945;	&#1082;&#1072;&#1088;&#1087;&#1086;&#1079;&#1091;&#1073;&#1086;&#1086;&#1073;&#1088;&#1072;&#1079;&#1085;&#1099;&#1077;	?????????????????	tandkarpar	&#1083;&#1091;&#1095;&#1077;&#1087;&#1077;&#1088;&#1099;&#1077;	Greek aktis = ray, thunderbolt, beam + Greek pterygion, diminutive of pteryx = wing, fin. Ref. 45335.	NA
85	Dactylopteriformes	NA	12871	0	NA	NA	NA	-1	-1	0	All Marine	2	13	NA	6	Actinopteri	NA	NA	NA	NA	NA	NA	NA	NA	NA	NA	NA	NA	NA	0	NA	NA	NA	303	2020-02-19T00:00:00Z	NA	NA	303	NA	NA	NA	NA	NA	NA	NA	NA	NA	NA	NA	NA	NA	NA	NA	NA	NA
67	Echinorhiniformes	123477	10333	0	NA	bramble sharks	elongated	-1	0	0	All Marine	1	2	NA	4	Elasmobranchii	NA	NA	NA	NA	NA	Squatiniformes	155	30654	NA	late	Jurassic	NA	NA	-1	Two dorsal fins, with or without spines; anal fin absent; five gill slits; spiracles present; nictitating lower eyelid absent. Many species are known from deep water.	NA	NA	1	1999-12-11T00:00:00Z	14	1999-12-11T00:00:00Z	303	NA	NA	NA	NA	NA	NA	NA	NA	NA	NA	NA	NA	NA	NA	NA	NA	NA
64	Elassomatiformes	92516	NA	-1	NA	pygmy sunfishes	NA	0	0	-1	all freshwater	1	7	Greek, elasson = smaller + Greek, soma = body (Ref. 45335).	6	Actinopteri	In Wiley & Johnson (2010: Ref. 84927):  Elassomatiformes.	NA	NA	NA	NA	Gasterosteiformes	NA	NA	NA	NA	NA	NA	NA	0	Elassomatidae sister family of Centrarchidae in Perciformes (Near <i>et al.</i>, 2012: Ref. 92516).

Distribution:  Native range: North America, eastern USA.   

Elassomatiformes comprise the single family Elassomatidae, characterized by a mosaic of reductive characters that makes problematic their phylogenetic position (see Wiley & Jihnson, 2010: Ref. 84927 who keep them in a separated order).  For that reason, they are retain in Perciformes in their own suborder in Nelson (2006: Ref. 58010).  

Short description:  
Dorsal fi n originating between pectoral and anal fins, with 3-5 spines and 8-13 soft rays;  anal fin with 3 spines and 4-8 soft rays;  principal caudal fi n rays 14 or 15;  5 branchiostegals rays;  numerous reductions in laterosensory system (e. g., no lateral line on body).	NA	NA	303	2010-04-29T00:00:00Z	303	2013-01-02T00:00:00Z	NA	NA	NA	NA	NA	NA	NA	NA	NA	NA	NA	NA	NA	NA	NA	NA	NA	NA
23	Elopiformes	7463	10666	0	NA	tarpons and tenpounders	fusiform / normal	-1	-1	-1	Marine and Freshwater	2	9	Greek, ellops = a kind of serpent + Latin, forma = shape (Ref. 45335).	6	Actinopteri	In Wiley & Johnson (2010: Ref. 84927):  Elopiformes.	NA	NA	NA	NA	Albuliformes	140	30656	30649	early	Cretaceous	NA	NA	-1	Pelvic fins abdominal; body slender, usually compressed; gill openings wide; caudal fin deeply forked; caudal fin with seven hypurals; scales cycloid; mesocoracoid and postcleithra present; gular plate well developed (median); branchiostegal rays 23-35; mouth bordered by premaxilla and toothed maxilla; upper jaw extending past eye; tip of snout not overhanging mouth (mouth terminal or superior); no sensory canal extending onto the small premaxilla. Leptocephali small, maximum length about 5 cm, with a well-developed, forked, caudal fin, a posterior dorsal fin (pelvic fins in older larvae), and about 53-86 myomeres.	NA	NA	1	1999-12-11T00:00:00Z	2	1999-12-14T00:00:00Z	NA	NA	Tarponähnliche	Tarpons	Elopiformi	NA	Tarpões	Tarponachtigen	NA	NA	NA	NA	&#1090;&#1072;&#1088;&#1087;&#1086;&#1085;&#1086;&#1086;&#1073;&#1088;&#1072;&#1079;&#1085;&#1099;&#1077;	???????????????	tarponartade fiskar	&#1083;&#1091;&#1095;&#1077;&#1087;&#1077;&#1088;&#1099;&#1077;	Greek aktis = ray, thunderbolt, beam + Greek pterygion, diminutive of pteryx = wing, fin. Ref. 45335.	NA
34	Esociformes	7463	11935	0	NA	pikes and mudminnows	elongated	0	-1	-1	All Freshwater	2	14	Latin, esox or isox = a species of freshwater fish, probably pike, perhaps from Latin edere (to eat) , esox for 'voravious' (Peter Adamicka, pers. Comm. 06/08).	6	Actinopteri	In Wiley & Johnson (2010: Ref. 84927):  Esocoidei in Salmoniformes.	NA	NA	NA	NA	Osmeriformes	110	7463	NA	NA	NA	NA	NA	0	Maxilla toothless but in gape of mouth; no adipose fin; dorsal and anal fins located posteriorly; no breeding tubercules; no pyloric caeca; no mesocoracoid.	NA	NA	1	2000-04-28T00:00:00Z	14	2008-06-13T00:00:00Z	NA	NA	Hechtartige	Brochets et umbres	Esociformi	NA	Lúcios 	Snoekachtigen	NA	NA	?????????????	&#917;&#958;&#959;&#954;&#945;&#953;&#964;&#972;&#956;&#959;&#961;&#966;&#945;	&#1097;&#1091;&#1082;&#1086;&#1086;&#1073;&#1088;&#1072;&#1079;&#1085;&#1099;&#1077;	????????????	gäddartade fiskar	&#1083;&#1091;&#1095;&#1077;&#1087;&#1077;&#1088;&#1099;&#1077;	Greek aktis = ray, thunderbolt, beam + Greek pterygion, diminutive of pteryx = wing, fin. Ref. 45335.	NA
90	Eupercaria/misc	NA	14554	0	NA	NA	NA	-1	-1	-1	Mostly Marine	22	1744	NA	6	Actinopteri	NA	NA	NA	NA	NA	NA	NA	NA	NA	NA	NA	NA	NA	0	NA	NA	NA	303	2020-02-19T00:00:00Z	NA	NA	303	NA	NA	NA	NA	NA	NA	NA	NA	NA	NA	NA	NA	NA	NA	NA	NA	NA
44	Gadiformes	7463	12340	0	NA	cods	NA	-1	-1	-1	Mostly Marine	17	626	Latin gadus = cod, 1889 + Latin, forma = shape (Ref. 45335).	6	Actinopteri	In Wiley & Johnson (2010: Ref. 84927):  Gadiformes.	NA	NA	NA	NA	Batrachoidiformes	20	30652	30649	middle	Tertiary	middle	Miocene	0	Pelvic fins, when present, inserted below or in front of pectorals (thoracic or jugular, rarely behind in Macrouridae) with up to 11 rays; no true spines in the fins; most with long dorsal and anal fins; scales usually cycloid, rarely ctenoid; premaxilla forms the entire margin of upper jaw, protractile in some; ectopterygoid toothless; orbitosphenoid and basisphenoid absent; branchiostegal rays 6-8; posterior vertebral reduction results in posterior dorsal and anal pterygiophores exceeding the number of caudal vertebrae; swim bladder without pneumatic duct (the swim bladder is absent in <i>Melanonus</i> and <i>Squalogadus</i>).	NA	NA	1	1999-12-11T00:00:00Z	1	2001-05-09T00:00:00Z	NA	NA	Dorschartige	Morues, merlans et grenadiers	Gadiformi	NA	Bacalhaus	Schelvisachtigen	NA	NA	?????????	&#915;&#945;&#948;&#943;&#956;&#959;&#961;&#966;&#945;	&#1090;&#1088;&#1077;&#1089;&#1082;&#1086;&#1086;&#1073;&#1088;&#1072;&#1079;&#1085;&#1099;&#1077;	??????????????	torskartade fiskar	&#1083;&#1091;&#1095;&#1077;&#1087;&#1077;&#1088;&#1099;&#1077;	Greek aktis = ray, thunderbolt, beam + Greek pterygion, diminutive of pteryx = wing, fin. Ref. 45335.	NA
72	Galaxiiformes	123477	11926	0	NA	southern smelts	NA	-1	-1	-1	Mostly Freshwater	1	53	NA	6	Actinopteri	NA	NA	NA	NA	NA	NA	NA	NA	NA	NA	NA	NA	NA	0	NA	NA	NA	303	NA	NA	NA	303	NA	NA	NA	NA	NA	NA	NA	NA	NA	NA	NA	NA	NA	NA	NA	NA	NA
56	Gasterosteiformes	7463	NA	-1	NA	sticklebacks and seamoths	NA	-1	-1	-1	marine and freshwater	5	30	Greek, gaster = stomach + Greek, + Greek, osteon = bone + Latin, forma = shape (Ref. 45335).	6	Actinopteri	In Wiley & Johnson (2010: Ref. 84927):  Gasterosteiformes incl. Syngnathoidei.	NA	NA	NA	NA	Syngnathiformes	15	30652	30649	late	Tertiary	middle	Miocene	-1	Pelvic girdle never attached directly to the cleithra; supramaxillary, orbitosphenoid, and basisphenoid absent; postcleithrum a single bone or absent; branchiostegal rays 1-5; body often with armor of dermal plates; mouth usually small.
About 19 species are restricted to freshwater, and another 40 species are found in brackish water (some being variously diadromous or at lest able to commonly enter freshwater and marine water).	NA	NA	1	1999-12-11T00:00:00Z	2	2000-04-11T00:00:00Z	NA	NA	Stichlingsartige	Épinoches et poissons-dragons	Gasterosteiformi	NA	Esgana-gatas	Stekelbaarsachtigen	NA	NA	NA	NA	&#1082;&#1086;&#1083;&#1102;&#1096;&#1082;&#1086;&#1086;&#1073;&#1088;&#1072;&#1079;&#1085;&#1099;&#1077;	???????????????	spiggartade fiskar	&#1083;&#1091;&#1095;&#1077;&#1087;&#1077;&#1088;&#1099;&#1077;	Greek aktis = ray, thunderbolt, beam + Greek pterygion, diminutive of pteryx = wing, fin. Ref. 45335.	NA
48	Gobiesociformes	7463	13690	0	NA	clingfishes	NA	-1	-1	-1	Mostly Marine	1	175	Latin gobius = goby + Latin esox = pike (position of dorsal and anal fin) + Latin, forma = shape (Ref. 45335).	6	Actinopteri	In Wiley & Johnson (2010: Ref. 84927):  Gobiesociformes.	NA	NA	NA	NA	Zeiformes	15	30652	30649	late	Tertiary	middle	Miocene	0	Pelvic fins modified into a thoracic sucking disc (permitting fish to adhere to substrate), with underlying pelvic bones specialized for supporting disc (pelvic skeleton highly reduced in <i>Alabes</i>; each pelvic fin with one small spine and four soft rays (rarely five); single dorsal fin without spines; head and body scaleless; branchiostegal rays 5-7 (three in <i>Alabes</i>); no circumorbital bones posterior to the lachrymal; articular process of premaxilla either fused with ascending process or absent; basibranchials one and two probably absent; supracleithrum with concave process that articulates with condyle oncleithrum (not known from other fishes); basisphenoid and orbitosphenoid absent; genital papilla behind anus; three or three and half gills; hypurals fused into a single plate; no swim bladder. The following characters apply to all species except <i>Alabes</i>: scapula and four pectoral radials and 16-31 pectoral fin rays; usually two postcleithra (rarely one); either common gill opening or separate opening on each side; pleural ribs attached to the epineural (?) ribs (an opposite relationship to that found in most fish); total caudal fin rays 16-27 (8-14 articulating on hypural fan); vertebrae 25-54 (11-20 + 13-33). Maximum length normally 7 cm.	NA	NA	1	1999-12-11T00:00:00Z	1	2000-04-27T00:00:00Z	NA	NA	Schildfische	Porte-écuelles	Gobiesociformi	NA	Sugadores	Schildvissen	NA	NA	NA	NA	&#1082;&#1086;&#1083;&#1073;&#1085;&#1077;&#1097;&#1091;&#1082;&#1086;&#1086;&#1073;&#1088;&#1072;&#1079;&#1085;&#1099;&#1077;	??????????????????	dubbelsugarartade fiskar	&#1083;&#1091;&#1095;&#1077;&#1087;&#1077;&#1088;&#1099;&#1077;	Greek aktis = ray, thunderbolt, beam + Greek pterygion, diminutive of pteryx = wing, fin. Ref. 45335.	NA
78	Gobiiformes	123477	12925	0	NA	gobies	NA	-1	-1	-1	Marine and Freshwater	9	2222	NA	6	Actinopteri	NA	NA	NA	NA	NA	NA	NA	NA	NA	NA	NA	NA	NA	0	NA	NA	NA	303	NA	NA	NA	303	NA	NA	NA	NA	NA	NA	NA	NA	NA	NA	NA	NA	NA	NA	NA	NA	NA
29	Gonorynchiformes	7463	11035	0	NA	milkfish	NA	-1	-1	-1	Mostly Freshwater	3	37	Greek, gonos = descent, origin + Greek, rhyngchos = snout, muzzle + Latin, forma = shape (Ref. 45335).	6	Actinopteri	In Wiley & Johnson (2010: Ref. 84927):  Gonorynchiformes.	NA	NA	NA	NA	Cypriniformes	150	30652	30657	late	Jurassic	NA	NA	-1	Orbitosphenoid absent; parietals small; quadrate condyle far forward; teeth absent on fifth ceratobranchial; first three vertebrae specialized and associated with one or more cephalic ribs; suprabranchial (=epibranchial) organ present (consisting of lateral pouches in the posterior part of the branchial chamber behind the fourth epibranchials); mouth small; jaws toothless; no postcleithra; 5-7 hypural plates.	NA	NA	1	1999-12-11T00:00:00Z	303	1999-12-14T00:00:00Z	NA	NA	Sandfische	Chanos	Gonorinchiformi	NA	Peixes-leite	Zandvisachtigen	NA	NA	NA	NA	&#1075;&#1086;&#1085;&#1086;&#1088;&#1080;&#1085;&#1093;&#1086;&#1086;&#1073;&#1088;&#1072;&#1079;&#1085;&#1099;&#1077;&#44;&#32;&#1082;&#1086;&#1085;&#1086;&#1088;&#1099;&#1083;&#1086;&#1086;&#1073;&#1088;&#1072;&#1079;&#1085;&#1099;&#1077;	?????????????????, ????????????????	sandfiskartade fiskar	&#1083;&#1091;&#1095;&#1077;&#1087;&#1077;&#1088;&#1099;&#1077;	Greek aktis = ray, thunderbolt, beam + Greek pterygion, diminutive of pteryx = wing, fin. Ref. 45335.	NA
33	Gymnotiformes	7463	11485	0	NA	knifefishes	NA	0	-1	-1	All Freshwater	5	241	Greek, gymnos = naked + Latin, forma = shape (Ref. 45335); ous or otos refers to opercle.	6	Actinopteri	In Wiley & Johnson (2010: Ref. 84927):  Gymnotiformes.	NA	NA	NA	NA	Siluriformes	150	30652	30657	late	Miocene	NA	NA	-1	Body eel-like (compressed or rounded); pelvic girdle and fins absent; dorsal fin absent; anal fin extremely long (more than 140 rays and extending from near pectoral fin origin to near tip of body) and employed in forward and backward movements; caudal fin absent or greatly reduced; restricted gill openings; anal opening under head or pectorals; basal pterygiophores to anal fin with only one section (radial) and a hemispherical cartilaginous head that articulates the fin rays (allowing them to move in a circular motion); electric organs present; suboperculum absent; palatine not ossified; maxilla rudimentary.	NA	NA	1	1999-12-11T00:00:00Z	429	1999-12-15T00:00:00Z	NA	NA	Messerfische	Gymnotes	Gimnotiformi	NA	Peixes-faca	Sidderalen en Mesalen	NA	NA	NA	NA	&#1075;&#1080;&#1084;&#1085;&#1086;&#1090;&#1086;&#1086;&#1073;&#1088;&#1072;&#1079;&#1085;&#1099;&#1077;	???????????????	sydamerikanska knivfiskar	&#1083;&#1091;&#1095;&#1077;&#1087;&#1077;&#1088;&#1099;&#1077;	Greek aktis = ray, thunderbolt, beam + Greek pterygion, diminutive of pteryx = wing, fin. Ref. 45335.	NA
5	Heterodontiformes	7463	10054	0	NA	bullhead and horn sharks	elongated	-1	0	0	All Marine	1	9	Greek, heteros = other + Greek, odous = teeth + Latin, forma = shape (Ref. 45335).	4	Elasmobranchii	NA	NA	NA	NA	NA	Orectolobiformes	170	30654	NA	middle	Jurassic	NA	NA	-1	Two dorsal fins, each with a spine; anal fin present; five gill slits; eyes without nictitating fold; spiracle present but small; nostrils connected with mouth by deep grove.	NA	NA	1	1999-12-11T00:00:00Z	1	1999-12-13T00:00:00Z	NA	NA	Stierkopfhaie)	Requins-dormeurs	Eterodontiformi	NA	Galhudos	Varkenshaaien	NA	NA	???????????????	&#917;&#964;&#949;&#961;&#959;&#948;&#959;&#957;&#964;&#972;&#956;&#959;&#961;&#966;&#945;	&#1088;&#1072;&#1079;&#1085;&#1086;&#1079;&#1091;&#1073;&#1086;&#1086;&#1073;&#1088;&#1072;&#1079;&#1085;&#1099;&#1077;	?????????????????	tjurhuvudhajar	&#1087;&#1083;&#1072;&#1089;&#1090;&#1080;&#1085;&#1086;&#1078;&#1072;&#1073;&#1077;&#1088;&#1085;&#1099;&#1077;	Greek eulanein, elasmos = metal beaten out + Greek brangchia = gills. Ref. 45335.	NA
4	Hexanchiformes	7463	10036	0	NA	frill and cow sharks	elongated	-1	-1	0	All Marine	2	6	Greek, exa = six + Greek, agkone, agko, to strangle, strangulate + Latin, forma = shape (Ref. 45335).	4	Elasmobranchii	NA	NA	NA	NA	NA	Heterodontiformes	195	30654	NA	middle	Jurassic	NA	NA	-1	One dorsal fin, without spine; anal fin present; six or seven gill slits; eyes without nictitating fold; spiracle present but small and well behind eye.	NA	NA	1	1999-12-11T00:00:00Z	2	1999-12-11T00:00:00Z	NA	NA	6-und 7-Kiemerhaie	Requins-frangés, requins-grisets et requins-perlon	Exanchiformi	NA	Tubarões-albafar	Grauwe haaien	NA	NA	???????????	&#917;&#958;&#945;&#957;&#967;&#972;&#956;&#959;&#961;&#966;&#945;	&#1084;&#1085;&#1086;&#1075;&#1086;&#1078;&#1072;&#1073;&#1077;&#1088;&#1085;&#1080;&#1082;&#1086;&#1086;&#1073;&#1088;&#1072;&#1079;&#1085;&#1099;&#1077;	??????????????????????	kamtandhajartade hajar	&#1087;&#1083;&#1072;&#1089;&#1090;&#1080;&#1085;&#1086;&#1078;&#1072;&#1073;&#1077;&#1088;&#1085;&#1099;&#1077;	Greek eulanein, elasmos = metal beaten out + Greek brangchia = gills. Ref. 45335.	NA
68	Hiodontiformes	123477	10900	0	NA	mooneyes	fusiform / normal	0	0	-1	All Freshwater	1	2	NA	6	Actinopteri	In Wiley & Johnson (2010: Ref. 84927):  Hiodontiformes are separated from Osteoglossiformes.	NA	NA	NA	NA	Osteoglossiformes	150	30655	30649	early	Cretaceous	NB	NA	-1	Nasal bones tubular and strongly curved; dermosphenotic triradiate.	NA	NA	1	1999-12-11T00:00:00Z	2	1999-12-14T00:00:00Z	303	NA	NA	NA	NA	NA	NA	NA	NA	NA	NA	NA	NA	NA	NA	NA	NA	NA
75	Holocentriformes	123477	12619	0	NA	squirrelfishes, soldierfishes	NA	-1	-1	0	All Marine	1	90	NA	6	Actinopteri	NA	NA	NA	NA	NA	NA	NA	NA	NA	NA	NA	NA	NA	0	NA	NA	NA	303	NA	NA	NA	303	NA	NA	NA	NA	NA	NA	NA	NA	NA	NA	NA	NA	NA	NA	NA	NA	NA
77	Kurtiformes	123477	12907	0	NA	nurseryfishes, cardinalfishes.	NA	-1	-1	-1	Mostly Marine	2	359	NA	6	Actinopteri	NA	NA	NA	NA	NA	NA	NA	NA	NA	NA	NA	NA	NA	0	NA	NA	NA	303	NA	NA	NA	303	NA	NA	NA	NA	NA	NA	NA	NA	NA	NA	NA	NA	NA	NA	NA	NA	NA
7	Lamniformes	7463	10126	0	NA	mackerel sharks	NA	-1	-1	0	All Marine	8	16	Greek, lamna, -es = shark + Latin, forma = shape (Ref. 45335).	4	Elasmobranchii	NA	NA	NA	NA	NA	Carchariniformes	135	30654	NA	early	Cretaceous	NA	NA	-1	Two dorsal fins, without spines; anal fin present; five gill slits, last two may be above pectoral fin; spiracles usually present, small and behind eyes; eyes without nictitating membrane; mouth extending well behind eyes.	NA	NA	1	1999-12-11T00:00:00Z	2	1999-12-11T00:00:00Z	NA	NA	Makrelenhaie	Requins-maquereaux	Lamniformi	NA	Tubarões-sardo	Haringhaaien	NA	NA	??????????	&#923;&#945;&#956;&#957;&#972;&#956;&#959;&#961;&#966;&#945;	&#1083;&#1072;&#1084;&#1085;&#1086;&#1086;&#1073;&#1088;&#1072;&#1079;&#1085;&#1099;&#1077;	?????????????	jättehajar	&#1087;&#1083;&#1072;&#1089;&#1090;&#1080;&#1085;&#1086;&#1078;&#1072;&#1073;&#1077;&#1088;&#1085;&#1099;&#1077;	Greek eulanein, elasmos = metal beaten out + Greek brangchia = gills. Ref. 45335.	NA
41	Lampriformes	7463	12196	0	NA	velifers, tube-eyes and ribbonfishes	NA	-1	-1	0	All Marine	6	23	Greek, lampris, light, clear + Latin, forma = shape (Ref. 45335).	6	Actinopteri	In Wiley & Johnson (2010: Ref. 84927):  Lampridiformes.	NA	NA	NA	NA	Myctophiformes	70	30652	30649	late	Cretaceous	NA	NA	0	No true spines in fins; premaxilla excludes maxilla from gape; unique type of protrusible upper jaw (maxilla, instead of being ligamentously attached to the ethmoid and palatine, slides in and out with the highly protractile premaxilla in at least the first four suborders); pelvic fins with 0-17 rays; swim bladder, when present, physoclistous; orbitosphenoid present in some.	NA	NA	1	1999-12-11T00:00:00Z	2	1999-12-15T00:00:00Z	NA	NA	Glanzfischartige	Opahs et poissons-rubans	Lampriformi	NA	Peixes-tábua	Koningsvisachtigen	NA	NA	???????????	&#955;&#945;&#956;&#960;&#961;&#972;&#956;&#959;&#961;&#966;&#945;	&#1086;&#1087;&#1072;&#1093;&#1086;&#1086;&#1073;&#1088;&#1072;&#1079;&#1085;&#1099;&#1077;&#44;&#32;&#1083;&#1072;&#1084;&#1087;&#1088;&#1080;&#1076;&#1086;&#1086;&#1073;&#1088;&#1072;&#1079;&#1085;&#1099;&#1077;	?????????????, ????????????????	glansfiskartade fiskar	&#1083;&#1091;&#1095;&#1077;&#1087;&#1077;&#1088;&#1099;&#1077;	Greek aktis = ray, thunderbolt, beam + Greek pterygion, diminutive of pteryx = wing, fin. Ref. 45335.	NA
70	Lepidogalaxiiformes	123477	11881	0	NA	salamanderfishes	elongated	0	0	-1	All Freshwater	1	1	NA	6	Actinopteri	NA	NA	NA	NA	NA	NA	NA	NA	NA	NA	NA	NA	NA	-1	NA	NA	NA	303	2021-02-18T00:00:00Z	NA	NA	303	NA	NA	NA	NA	NA	NA	NA	NA	NA	NA	NA	NA	NA	NA	NA	NA	NA
16	Lepidosireniformes	123477	NA	-1	NA	South American and African lungfishes	elongated	0	0	-1	all freshwater	2	5	Greek, lepis, -idos = scale + Greek, seiren = siren, mermaid + Latin, forma = shape (Ref. 45335).	11	Dipneusti	NA	NA	NA	NA	NA	Ceratodontiformes	400	30649	30653	early	Devonian	NA	NA	-1	Pectoral and pelvic fins filamentous, without rays; scales small; air bladder (lungs) paired; larvae with external gills; adults estivate in dry season.	NA	NA	1	1999-12-11T00:00:00Z	2	1999-12-11T00:00:00Z	NA	NA	Kaimanfische	Dipneustes d’Amérique du Sud et d’Afrique	Lepidosireniformi	NA	Peixes pulmonados sul-Americanos e Africanos	Zuidamerikaanse en Afrikaanse longvissen	NA	NA	NA	NA	&#1095;&#1077;&#1096;&#1091;&#1081;&#1095;&#1072;&#1090;&#1085;&#1080;&#1082;&#1086;&#1086;&#1073;&#1088;&#1072;&#1079;&#1085;&#1099;&#1077;	????????????????????	salamanderlungfiskar	&#1083;&#1086;&#1087;&#1072;&#1089;&#1090;&#1077;&#1087;&#1077;&#1088;&#1099;&#1077;	Greek sark, sarx = flesh + Greek pterygion, diminutive of pteryx = wing, fin. Ref. 45335.	NA
20	Lepisosteiformes	7463	10648	0	NA	gars	elongated	0	-1	-1	All Freshwater	1	7	Greek, lepis, -idos = scale + Greek, osteon, bone + Latin, forma = shape (Ref. 45335).	6	Actinopteri	NA	NA	NA	NA	NA	Amiiformes	260	30649	30652	late	Permian	NA	NA	-1	Body and jaws elongate; mouth with needlelike teeth; abbreviated heterocercal tail; heavy ganoid scales, about 50-65 along lateral line; dorsal fin far back, with few rays; three branchiostegal rays; interoperculum absent; two or more supratemporal bones on each side; maxilla small and immobile; supramaxilla absent; myodome absent; vomer paired; swim bladder vascularized (thus permitting aerial respiration); vertebrae opisthocoelous (anterior end convex, posterior end concave, as in some reptiles and unlike all other fish except the blenny <i>Andamia</i>. Maximum length about 3.0 m.	NA	NA	1	1999-12-11T00:00:00Z	1	2000-04-27T00:00:00Z	NA	NA	Knochenhechte	Lépisostées	Lepisosteiformi	NA	Agulhas	Kaaimansnoeken	NA	NA	NA	NA	&#1087;&#1072;&#1085;&#1094;&#1080;&#1088;&#1085;&#1080;&#1082;&#1086;&#1086;&#1073;&#1088;&#1072;&#1079;&#1085;&#1099;&#1077;	??????????????????	bengäddor	&#1083;&#1091;&#1095;&#1077;&#1087;&#1077;&#1088;&#1099;&#1077;	Greek aktis = ray, thunderbolt, beam + Greek pterygion, diminutive of pteryx = wing, fin. Ref. 45335.	NA
47	Lophiiformes	7463	13942	0	NA	anglerfishes	NA	-1	-1	0	All Marine	18	369	Greek, lophos, crest + Latin, forma = shape (Ref. 45335).	6	Actinopteri	In Wiley & Johnson (2010: Ref. 84927):  Lophiiformes.	NA	NA	NA	NA	Percopsiformes	50	30652	30649	early	Tertiary	middle	Eocene	0	First ray of spinous dorsal, if present, on head and transformed into illicium (line) and esca (bait), a device for attracting prey to mouth; pelvic fins, if present, in front of pectorals, with one spine and four (rarely) or five soft rays; gill opening small tubelike, at or behind (rarely partly in front of) pectoral fin base; five or six branchiostegal rays; no ribs; pectoral radials 2-5, narrow and elongate; first vertebra fused to skull; swim bladder, when present, physoclistous.	NA	NA	1	1999-12-11T00:00:00Z	2	1999-12-15T00:00:00Z	NA	NA	Armflossler, Anglerfischartige	Baudroies	Lofiformi	NA	Tamboris	Vinarmigen	NA	NA	??????????	&#923;&#959;&#966;&#953;&#972;&#956;&#959;&#961;&#966;&#945;	&#1091;&#1076;&#1080;&#1083;&#1100;&#1097;&#1080;&#1082;&#1086;&#1086;&#1073;&#1088;&#1072;&#1079;&#1085;&#1099;&#1077;	?????????????????	marulkartade fiskar	&#1083;&#1091;&#1095;&#1077;&#1087;&#1077;&#1088;&#1099;&#1077;	Greek aktis = ray, thunderbolt, beam + Greek pterygion, diminutive of pteryx = wing, fin. Ref. 45335.	NA
63	Mugiliformes	58010	13681	0	NA	mullets	fusiform / normal	-1	-1	-1	Marine and Freshwater	1	78	Latin, mugil, -ilis = grey mullet	6	Actinopteri	In Wiley & Johnson (2010: Ref. 84927):  Mugiliformes.	NA	NA	NA	NA	Atheriniformes	45	NA	NA	middle	Tertiary	NA	Oligocene	-1	Distribution:  All tropical and temperate seas.  Chiefly marine (coastal) and brackish water;  some in freshwater (<i>Liza abu</i> only in fresh and estuaries).

Short description:  Spinous (4 spines) and soft dorsal fins widely separated.  Pelvic fins subabdominal; 1 spine, 5 soft rays.  Lateral line hardly visible when present.  Mouth of moderate size.  Toothless or teeth small.  Long gill rakers. Muscular stomach; extremely long intestine.  Vertebrae 24-26.  Maximum length about 90 cm.  Travel in schools and feed on fine algae, diatoms, and detritus of bottom sediments. Important food fishes.

Taxonomy:  Mugiliformes have been considered as a separate order like here, or as a Perciformes suborder, and most part of the time close to Atherinidae(formes).  They are either considered at the base of Acanthopterygii or Percomorpha.  The consensus is to consider that they are close to Atherinids, Gasterosteids, Synbranchids, Elassomatids in an unresolved polychotomy.  See FoW (Nelson, 2006; Ref. 58010) for more details.	NA	NA	303	2008-03-05T00:00:00Z	NA	NA	NA	NA	NA	NA	NA	NA	NA	NA	NA	NA	NA	NA	NA	NA	NA	NA	NA	NA
87	Mulliformes	NA	12898	0	NA	NA	NA	-1	-1	-1	Mostly Marine	1	97	NA	6	Actinopteri	NA	NA	NA	NA	NA	NA	NA	NA	NA	NA	NA	NA	NA	0	NA	NA	NA	303	2020-02-19T00:00:00Z	NA	NA	303	NA	NA	NA	NA	NA	NA	NA	NA	NA	NA	NA	NA	NA	NA	NA	NA	NA
40	Myctophiformes	7463	12178	0	NA	lanternfishes	elongated	-1	-1	0	All Marine	2	254	Greek, mykter, -eros = nose + Greek, ophis = serpent + Latin, forma = shape. 1601 (Ref. 45335).	6	Actinopteri	In Wiley & Johnson (2010: Ref. 84927):  Myctophiformes.	NA	NA	NA	NA	Lampriformes	70	30652	30649	late	Cretaceous	NA	NA	0	Head and body compressed; eye lateral (dorsolateral in the myctophid <i>Hierops</i>); mouth usually large and terminal; adipose fin present; usually 8 pelvic fin rays; usually 7-11 branchiostegal rays. All are deep-sea pelagic and benthopelagic fishes.	NA	NA	1	1999-12-11T00:00:00Z	2	1999-12-15T00:00:00Z	NA	NA	Laternenfischartige	Poissons-lanternes	Mictofiformi	NA	Peixes-lanterna	Lantaarnvisachtigen	NA	NA	??????????????	&#924;&#965;&#954;&#964;&#959;&#966;&#953;&#948;&#972;&#966;&#959;&#961;&#956;&#945;	&#1084;&#1080;&#1082;&#1090;&#1086;&#1092;&#1086;&#1086;&#1073;&#1088;&#1072;&#1079;&#1085;&#1099;&#1077;	???????????????	prickfiskartade fiskar	&#1083;&#1091;&#1095;&#1077;&#1087;&#1077;&#1088;&#1099;&#1077;	Greek aktis = ray, thunderbolt, beam + Greek pterygion, diminutive of pteryx = wing, fin. Ref. 45335.	NA
65	Myliobatiformes	58010	10486	0	NA	stingrays	other	-1	-1	-1	Mostly Marine	12	246	Greek, mylo = mill + Greek, + Greek, batis,-idos = a ray (Raja sp.) (Ref. 45335). forma = shape (Ref. 45335).	4	Elasmobranchii	In Ref. 114953:  Aetobatidae, Dasyatidae, Hexatrygonidae, Gymnuridae, Mobulidae, Myliobatidae, Plesiobatidae, Potamotrygonidae, Rhinopteridae, Urolophidae, Urotrygonidae	NA	NA	NA	NA	Torpediniformes	NA	NA	NA	NA	NA	NA	NA	0	Gill openings ventral; anterior edge of the greatly enlarged pectoral fin attached to side of head, anterior to the gill openings; anal fin absent; eyes and spiracles on dorsal surface; anterior vertebrae fused to form a synarcual; suprascapulae of pectoral girdles joined dorsally over vertebral column and articulating with column of synarcual or fused with synarcual; nictitating membrane absent, cornea attached directly to skin around the eyes; body generally strongly depressed; jaws protrusible in most; teeth pavementlike; in most, water for breathing taken in chiefly through the spiracle rather than the mouth (except for those living off the bottom); most give birth to live young (some have eggs encased in a horny capsule); the snout may function as an electroreceptive organ (as may be true for all elasmobranchs).	NA	NA	303	2013-01-18T00:00:00Z	NA	NA	NA	NA	Rochen	Pastenagues et mantas	Raiformi	NA	Raias	Rogachtigen	NA	NA	??????????	&#929;&#945;&#947;&#953;&#972;&#956;&#959;&#961;&#966;&#945;	&#1089;&#1082;&#1072;&#1090;&#1086;&#1086;&#1073;&#1088;&#1072;&#1079;&#1085;&#1099;&#1077;&#44;&#32;&#1088;&#1086;&#1084;&#1073;&#1086;&#1090;&#1077;&#1083;&#1099;&#1077;&#32;&#1089;&#1082;&#1072;&#1090;&#1099;	?????????????, ?????????? ?????	rockor	&#1087;&#1083;&#1072;&#1089;&#1090;&#1080;&#1085;&#1086;&#1078;&#1072;&#1073;&#1077;&#1088;&#1085;&#1099;&#1077;	Greek eulanein, elasmos = metal beaten out + Greek brangchia = gills. Ref. 45335.	NA
1	Myxiniformes	7463	10000	0	NA	hagfishes	eel-like	-1	0	0	All Marine	1	83	Greek, myxinos = a fish of slime, derived from Greek myxo = mucus, slime; Linné; 1846  + Latin, forma = shape (Ref. 45335).	1	Myxini	NA	NA	NA	NA	NA	Petromyzontiformes	600	30651	30649	early	Cambrian	NA	NA	-1	One semicrircular canal; single olfactory capsule with few folds in sensory epithelium, and olfactory nerves with separate bundles; no bone; eye musculature absent; 1-16 pairs of external gill openings; adenohypophysis with undifferentiated cellular elements, not divided into distinct regions; body naked and eel-like; no paired fins; no trace of lateral line system in adults, neuromasts absent.	NA	NA	1	1999-12-11T00:00:00Z	1	1999-12-13T00:00:00Z	NA	NA	Inger	Myxines	Mixiniformi	NA	Mixinas	Slijmprikken of Blinde prikken	NA	NA	NA	NA	&#1084;&#1080;&#1082;&#1089;&#1080;&#1085;&#1086;&#1086;&#1073;&#1088;&#1072;&#1079;&#1085;&#1099;&#1077;	???????????????	pirålar	&#1084;&#1080;&#1082;&#1089;&#1080;&#1085;&#1099;	Greek myxinos = a fish of slime, derived from Greek myxo = mucus, slime; Linnaeus, 1846. Ref. 45335.	NA
25	Notacanthiformes	7463	10693	0	NA	halosaurs and deep-sea spiny eels	eel-like	-1	0	0	All Marine	2	28	Greek, noton = back + Greek, akantha = thorn + Latin, forma = shape (Ref. 45335).	6	Actinopteri	In Wiley & Johnson (2010: Ref. 84927):  Notacanthiformes.	NA	NA	NA	NA	Albuliformes	80	30656	30652	late	Cretaceous	NA	NA	0	Body eel-like; posteriorly directed spine on dorsal edge of rear of maxilla; premaxilla and maxilla bordering upper jaw; gill membranes separate; pectoral fins relatively high on body; pelvic fins abdominal, with 7-11 rays (the two fins are usually connected by a membrane); anal fin base long and merged with what remains of the caudal fin; caudal fin skeleton reduced or absent; tail easily regenerated when lost; branchiostegal rays 5-23; swim bladder present. Some have photophores.	NA	NA	1	1999-12-11T00:00:00Z	2	2000-04-27T00:00:00Z	NA	NA	Stachelaale, Dornrückenaale	Halosauridés et notacanthidés	Notacantiformi	NA	Halosauros e enguias espinhosas de profundidade	Rugstekelalen	NA	NA	??????????????	&#925;&#959;&#964;&#945;&#954;&#945;&#957;&#952;&#972;&#956;&#959;&#961;&#966;&#945;	&#1085;&#1086;&#1090;&#1072;&#1082;&#1072;&#1085;&#1090;&#1086;&#1086;&#1073;&#1088;&#1072;&#1079;&#1085;&#1099;&#1077;	?????????????????	piggålsartade fiskar	&#1083;&#1091;&#1095;&#1077;&#1087;&#1077;&#1088;&#1099;&#1077;	Greek aktis = ray, thunderbolt, beam + Greek pterygion, diminutive of pteryx = wing, fin. Ref. 45335.	NA
45	Ophidiiformes	34024	12628	0	NA	cusk eels	NA	-1	-1	-1	Mostly Marine	4	537	Greek, ophis = serpent + Latin, forma = shape (Ref. 45335).	6	Actinopteri	In Wiley & Johnson (2010: Ref. 84927):  Ophidiiformes.	NA	NA	NA	NA	Gadiformes	20	30652	30649	middle	Tertiary	middle	Miocene	0	Pelvic fins when present, inserted at level of preopercle or farther anterior (mental or jugular), zero to two soft rays in each, and occasionally with a spine; base of dorsal and anal fins long, extending to and usually joined with caudal fin; nostrils paired on each side; dorsal and anal fin pterygiophores more numerous than adjacent vertebrae (the ratio being about 1.8:1).	NA	NA	1	1999-12-11T00:00:00Z	2	1999-12-15T00:00:00Z	NA	NA	Bartmännchen	Abadèches, aurins, brotules et donzelles	Ofidiformi	NA	Abadejos	Naaldvissen	NA	NA	????????????	&#927;&#966;&#953;&#949;&#953;&#948;&#972;&#956;&#959;&#961;&#966;&#945;	&#1072;&#1084;&#1073;&#1083;&#1080;&#1086;&#1087;&#1089;&#1086;&#1074;&#1099;&#1077;	????????????	ormfiskartade fiskar	&#1083;&#1091;&#1095;&#1077;&#1087;&#1077;&#1088;&#1099;&#1077;	Greek aktis = ray, thunderbolt, beam + Greek pterygion, diminutive of pteryx = wing, fin. Ref. 45335.	NA
6	Orectolobiformes	7463	10063	0	NA	carpet sharks	elongated	-1	-1	-1	Mostly Marine	7	45	Greek, orektos = lengthened, prolongued + Greek, lobos = lobe + Latin, forma = shape (Ref. 45335).	4	Elasmobranchii	NA	NA	NA	NA	NA	Carchariniformes	155	30654	NA	late	Jurassic	NA	NA	-1	Two dorsal fins, without spines; mouth very short, confined to being well in front of eyes; nostrils specialized, with prominent nasoral grooves wit barbels in most; spiracles too large, below the eye except in <i>Rhincodon</i>; many with small gill slits and with fifth slit overlapping the fourth behind the origin of pectoral fin.	NA	NA	1	1999-12-11T00:00:00Z	2	1999-12-11T00:00:00Z	NA	NA	Teppichhaie	Requins-nourrices et requins-carpettes	Orectolobiformi	NA	Tubarões-zebra	Bakerhaaien	NA	NA	NA	NA	&#1074;&#1086;&#1073;&#1073;&#1077;&#1075;&#1086;&#1085;&#1075;&#1086;&#1086;&#1073;&#1088;&#1072;&#1079;&#1085;&#1099;&#1077;	??????????????????	wobbegongartade hajar	&#1087;&#1083;&#1072;&#1089;&#1090;&#1080;&#1085;&#1086;&#1078;&#1072;&#1073;&#1077;&#1088;&#1085;&#1099;&#1077;	Greek eulanein, elasmos = metal beaten out + Greek brangchia = gills. Ref. 45335.	NA
35	Osmeriformes	7463	11962	0	NA	freshwater smelts	NA	-1	-1	-1	Marine and Freshwater	4	42	Greek, osme = bad smelling + Latin, forma = shape (Ref. 45335).	6	Actinopteri	In Wiley & Johnson (2010: Ref. 84927):  Replaced by Argentiniformes but excl. Osmeroidei (Osmeridae, Retropinnidae, Galaxiidae) that are placed in Salmoniformes.	NA	NA	NA	NA	Esociformes	110	7463	NA	NA	NA	NA	NA	0	Maxilla included in gape of mouth (the toothless maxilla is excluded from the gape in <i>Protroctes</i> and <i>Lovettia</i> and almost so in <i>Aplochiton</i>; adipose fin present or absent; radii absent on scales; loss of basisphenoid and orbitosphenoid bones.
Osmeriforms spawn in freshwater except the Argentinoidei, <i>Osmerus eperlanus</i>, and perhaps one or two salangids.	NA	NA	1	2000-04-28T00:00:00Z	NA	NA	303	NA	Osmeriformes	Argentines et éperlans	Osmeriformi	NA	Eperlanos	Spieringen	NA	NA	NA	NA	&#1082;&#1086;&#1088;&#1102;&#1096;&#1082;&#1086;&#1086;&#1073;&#1088;&#1072;&#1079;&#1085;&#1099;&#1077;	???????????????	norsartade fiskar	&#1083;&#1091;&#1095;&#1077;&#1087;&#1077;&#1088;&#1099;&#1077;	Greek aktis = ray, thunderbolt, beam + Greek pterygion, diminutive of pteryx = wing, fin. Ref. 45335.	NA
22	Osteoglossiformes	7463	10909	0	NA	bony tongues	NA	0	-1	-1	All Freshwater	5	254	Greek, osteon = bone + Greek, glossa = tongue + Latin, forma = shape (Ref. 45335).	6	Actinopteri	In Wiley & Johnson (2010: Ref. 84927):  Osteoglossiformes but excl.Hiodontidae that are separated in Hiodontiformes.	NA	NA	NA	NA	Elopiformes	150	30655	30649	late	Jurassic	NA	NA	-1	Intestine passes posteriorly to left of esophagus and stomach; parasphenoid and tounge bones usually with well-developed teeth and forming a shearing bite (mesopterygoid and usually the ectopterygoid also toothed); premaxilla small and fixed to the skull; no supramaxilla; caudal fin skeleton, except in <i>Hiodon</i>, with large first ural centrum and no urodermals, one or more epurals fused with uroneurals; caudal fin with 16 or fewer branched rays; nasal capsule rigid, no antorbital-supraorbital system for pumping water over olfactory epithelium; epipleural intermuscular bones absent; one or two pyloric caeca, one caecum in <i>Hiodon</i> and <i>Pantodon</i> and two in other osteoglossiforms.	NA	NA	1	1999-12-11T00:00:00Z	2	1999-12-14T00:00:00Z	303	NA	Knochenzünglerartige	Arapaima, scléropages et poissons-éléphants	Osteoglossiformi	NA	Línguas-de-osso	Beentongvissen	NA	NA	NA	NA	&#1072;&#1088;&#1072;&#1074;&#1072;&#1085;&#1086;&#1086;&#1073;&#1088;&#1072;&#1079;&#1085;&#1099;&#1077;	???????????????	bentungeartade fiskar	&#1083;&#1091;&#1095;&#1077;&#1087;&#1077;&#1088;&#1099;&#1077;	Greek aktis = ray, thunderbolt, beam + Greek pterygion, diminutive of pteryx = wing, fin. Ref. 45335.	NA
101	Ovalentaria/misc	NA	13753	0	NA	NA	NA	-1	-1	-1	Mostly Marine	8	797	NA	6	Actinopteri	NA	NA	NA	NA	NA	NA	NA	NA	NA	NA	NA	NA	NA	0	NA	NA	NA	303	2020-02-19T00:00:00Z	NA	NA	303	NA	NA	NA	NA	NA	NA	NA	NA	NA	NA	NA	NA	NA	NA	NA	NA	NA
60	Perciformes	7463	NA	-1	NA	perch-likes	NA	-1	-1	-1	marine and freshwater	156	11376	Greek, perke = perch + Latin, forma = shape (Ref. 45335).	6	Actinopteri	In Wiley & Johnson (2010: Ref. 84927):  Perciformes excl. a number of previous suborders elevated at order rank, but still without any clear phylogenetic relationships (with a few exceptions):  Acanthuriformes, Anabantiformes, Blenniiformes, Caproiformes, Carangiformes, Cottiformes (incl. Zoarcoidei), Dactylopteriformes, Gobiesociformes (incl. Callionymoidei), Gobiiformes, Icosteiformes, Nototheniiformes, Pholidichthyiformes, Scombriformes, Stromateiformes, Trachiniformes.	\	NA	NA	NA	Pleuronectiformes	15	30652	30649	late	Tertiary	middle	Miocene	0	Largest order of fishes. Most families in many suborders are not currently definable in terms of shared derived characters and thus may not be monophyletic. Most perciforms are marine shore fishes, while about 2,000 species (e.g. cichlids) normally occur only in freshwater, and about 2,200 species occur in freshwater for at least part of their life history.	NA	NA	1	1999-12-11T00:00:00Z	1	2001-05-09T00:00:00Z	NA	NA	Barschartige	Perches	Perciformi	NA	Percas	Baarsachtigen	NA	NA	??????????	&#928;&#949;&#961;&#954;&#972;&#956;&#959;&#961;&#966;&#945;	&#1086;&#1082;&#1091;&#1085;&#1077;&#1086;&#1073;&#1088;&#1072;&#1079;&#1085;&#1099;&#1077;	?????????????	abborrartade fiskar	&#1083;&#1091;&#1095;&#1077;&#1087;&#1077;&#1088;&#1099;&#1077;	Greek aktis = ray, thunderbolt, beam + Greek pterygion, diminutive of pteryx = wing, fin. Ref. 45335.	NA
93	Perciformes/Bembropoidei	NA	14905	0	NA	NA	NA	-1	0	0	All Marine	1	23	NA	6	Actinopteri	NA	NA	NA	NA	NA	NA	NA	NA	NA	NA	NA	NA	NA	0	NA	NA	NA	303	2020-02-19T00:00:00Z	NA	NA	303	NA	NA	NA	NA	NA	NA	NA	NA	NA	NA	NA	NA	NA	NA	NA	NA	NA
100	Perciformes/Cottoidei	NA	15274	0	NA	NA	NA	-1	-1	-1	Mostly Marine	10	857	NA	6	Actinopteri	NA	NA	NA	NA	NA	NA	NA	NA	NA	NA	NA	NA	NA	0	NA	NA	NA	303	2020-02-19T00:00:00Z	NA	NA	303	NA	NA	NA	NA	NA	NA	NA	NA	NA	NA	NA	NA	NA	NA	NA	NA	NA
99	Perciformes/Gasterosteoidei	NA	15247	0	NA	NA	NA	-1	-1	-1	Marine and Freshwater	3	21	NA	6	Actinopteri	NA	NA	NA	NA	NA	NA	NA	NA	NA	NA	NA	NA	NA	0	NA	NA	NA	303	2020-02-19T00:00:00Z	NA	NA	303	NA	NA	NA	NA	NA	NA	NA	NA	NA	NA	NA	NA	NA	NA	NA	NA	NA
95	Perciformes/Notothenioidei	NA	14923	0	NA	NA	NA	-1	-1	-1	Mostly Marine	8	159	NA	6	Actinopteri	NA	NA	NA	NA	NA	NA	NA	NA	NA	NA	NA	NA	NA	0	NA	NA	NA	303	2020-02-19T00:00:00Z	NA	NA	303	NA	NA	NA	NA	NA	NA	NA	NA	NA	NA	NA	NA	NA	NA	NA	NA	NA
91	Perciformes/Percoidei	NA	14752	0	NA	NA	NA	-1	-1	-1	Mostly Freshwater	3	249	NA	6	Actinopteri	NA	NA	NA	NA	NA	NA	NA	NA	NA	NA	NA	NA	NA	0	NA	NA	NA	303	2020-02-19T00:00:00Z	NA	NA	303	NA	NA	NA	NA	NA	NA	NA	NA	NA	NA	NA	NA	NA	NA	NA	NA	NA
94	Perciformes/Percophoidei	NA	14914	0	NA	NA	NA	-1	0	0	All Marine	1	1	NA	6	Actinopteri	NA	NA	NA	NA	NA	NA	NA	NA	NA	NA	NA	NA	NA	0	NA	NA	NA	303	2020-02-19T00:00:00Z	NA	NA	303	NA	NA	NA	NA	NA	NA	NA	NA	NA	NA	NA	NA	NA	NA	NA	NA	NA
98	Perciformes/Scorpaenoidei	NA	15067	0	NA	NA	NA	-1	-1	-1	Mostly Marine	20	815	NA	6	Actinopteri	NA	NA	NA	NA	NA	NA	NA	NA	NA	NA	NA	NA	NA	0	NA	NA	NA	303	2020-02-19T00:00:00Z	NA	NA	303	NA	NA	NA	NA	NA	NA	NA	NA	NA	NA	NA	NA	NA	NA	NA	NA	NA
97	Perciformes/Serranoidei	NA	15040	0	NA	NA	NA	-1	-1	-1	Mostly Marine	3	568	NA	6	Actinopteri	NA	NA	NA	NA	NA	NA	NA	NA	NA	NA	NA	NA	NA	0	NA	NA	NA	303	2020-02-19T00:00:00Z	NA	NA	303	NA	NA	NA	NA	NA	NA	NA	NA	NA	NA	NA	NA	NA	NA	NA	NA	NA
96	Perciformes/Uranoscopoidei	NA	14995	0	NA	NA	NA	-1	-1	-1	Mostly Marine	5	180	NA	6	Actinopteri	NA	NA	NA	NA	NA	NA	NA	NA	NA	NA	NA	NA	NA	0	NA	NA	NA	303	2020-02-19T00:00:00Z	NA	NA	303	NA	NA	NA	NA	NA	NA	NA	NA	NA	NA	NA	NA	NA	NA	NA	NA	NA
92	Perciformes/Zoarcoidei	NA	14779	0	NA	NA	NA	-1	-1	0	All Marine	14	409	NA	6	Actinopteri	NA	NA	NA	NA	NA	NA	NA	NA	NA	NA	NA	NA	NA	0	NA	NA	NA	303	2020-02-19T00:00:00Z	NA	NA	303	NA	NA	NA	NA	NA	NA	NA	NA	NA	NA	NA	NA	NA	NA	NA	NA	NA
43	Percopsiformes	7463	12250	0	NA	trout-perches, pirate perches and cavef	elongated	0	0	-1	All Freshwater	3	10	Greek, perké = perch + Greek,opsis = look, appearance  + Latin, forma = shape (Ref. 45335).	6	Actinopteri	In Wiley & Johnson (2010: Ref. 84927):  Percopsiformes.	NA	NA	NA	NA	Lophiiformes	50	30652	30649	early	Tertiary	middle	Eocene	-1	Premaxilla nonprotractile; ectopterygoid and palatine with teeth; pelvic fins, if present, behind pectorals and with 3-8 soft rays; spines (normally weak) usually present in dorsal fin; many species with ctenoid scales; six branchiostegal rays; 16 branched caudal rays; orbitosphenoid, basiphenoid, and suborbital shelf absent; vertebrae 28-35.	NA	NA	1	1999-12-11T00:00:00Z	2	2000-04-27T00:00:00Z	NA	NA	Barschlachse	Omiscos	Percopsiformi	NA	Trutas-perca	Baarszalmachtigen	NA	NA	NA	NA	&#1087;&#1077;&#1088;&#1082;&#1086;&#1087;&#1089;&#1086;&#1086;&#1073;&#1088;&#1072;&#1079;&#1085;&#1099;&#1077;	????????????????	laxabborrartade fiskar	&#1083;&#1091;&#1095;&#1077;&#1087;&#1077;&#1088;&#1099;&#1077;	Greek aktis = ray, thunderbolt, beam + Greek pterygion, diminutive of pteryx = wing, fin. Ref. 45335.	NA
2	Petromyzontiformes	7463	10009	0	NA	lampreys	eel-like	-1	-1	-1	Mostly Freshwater	3	48	Latin, petra = stone + Greek, myzo = to suckle + Latin, forma = shape (Ref. 45335).	2	Petromyzonti	NA	NA	NA	NA	NA	Chimaeriformes	455	30651	30649	late	Ordovician	NA	NA	-1	No bone; seven pairs of external lateral gill openings; eyes lateral (except in <i>Mordacia</i>; tail isocercal in adults, hypocercal in ammocoete larvae; body naked, eel-like; no paired fins.	NA	NA	1	1999-12-11T00:00:00Z	1	1999-12-13T00:00:00Z	NA	NA	Neunaugen	Lamproies	Petromizontiformi	NA	Lampreias	Prikken	NA	NA	NA	NA	&#1084;&#1080;&#1085;&#1086;&#1075;&#1086;&#1086;&#1073;&#1088;&#1072;&#1079;&#1085;&#1099;&#1077;	??????????????	nejonögon	&#1094;&#1077;&#1092;&#1072;&#1083;&#1072;&#1089;&#1087;&#1080;&#1076;&#1086;&#1084;&#1086;&#1088;&#1092;&#1099;&#44;&#32;&#1086;&#1076;&#1085;&#1086;&#1085;&#1086;&#1079;&#1076;&#1088;&#1077;&#1074;&#1099;&#1077;	Greek, Kephale = head + Greek, aspidos = shield + Greek morphe= shape. Ref. 45335.	NA
61	Pleuronectiformes	7463	13186	0	NA	flatfishes	NA	-1	-1	-1	Mostly Marine	16	792	Greek, pleura = similar, ribe, side + Greek, nektos = to swim + Latin, forma = shape. 1849 (Ref. 45335).	6	Actinopteri	In Wiley & Johnson (2010: Ref. 84927):  Pleuronectiformes.	NA	NA	NA	NA	Tetraodontiformes	15	30652	30649	late	Tertiary	middle	Miocene	0	Adults not bilaterally symmetrical, with one eye migrating to the other side of the cranium; dorsal and anal fins with long bases, dorsal fin base overlapping at least the neurocranium except in <i>Psettodes</i>; body highly compressed, somewhat rounded on eyed side and flat on blind side; eyes can protrude above body surface allowing fish to see when buried in the substrate; usually six or seven branchiostegal rays, rarely eight; body cavity small; adults almost always without swim bladder; scales cycloid, ctenoid, or tuberculate.
About four species probably occur in freshwater, while another 20 species that are normally marine occasionally enter freshwater.	NA	NA	1	1999-12-11T00:00:00Z	2	2000-04-11T00:00:00Z	NA	NA	Plattfische	Poissons-plats	Pleuronettiformi	NA	Peixes-chatos	Platvissen	NA	NA	???????????????	&#928;&#955;&#949;&#965;&#961;&#959;&#957;&#951;&#954;&#964;&#959;&#949;&#953;&#948;&#942;	&#1082;&#1072;&#1084;&#1073;&#1072;&#1083;&#1086;&#1086;&#1073;&#1088;&#1072;&#1079;&#1085;&#1099;&#1077;	???????????????	plattfiskar, flatfiskar	&#1083;&#1091;&#1095;&#1077;&#1087;&#1077;&#1088;&#1099;&#1077;	Greek aktis = ray, thunderbolt, beam + Greek pterygion, diminutive of pteryx = wing, fin. Ref. 45335.	NA
42	Polymixiiformes	7463	12493	0	NA	beardfishes	elongated	-1	0	0	All Marine	1	10	Greek, poly = a lot of + Greek, myxo = mucus + Latin, forma = shape (Ref. 45335).	6	Actinopteri	In Wiley & Johnson (2010: Ref. 84927):  Polymixiiformes.	NA	NA	NA	NA	Beryciformes	70	7463	NA	NA	NA	NA	NA	0	Moderately elongate and compressed. A pair of barbels on hyoid. Continuous dorsal fin; 4-6 spines, 26-38 soft rays. Anal fin 4 short spines, 13-17 soft rays. Subabdominal pelvic fin; 1 spinelike ray, 6 soft rays. Caudal fin 16 branched rays. Scales in lateral line about 33-38. Banchiostegal 4 rays. Gillrakers 11-21. Supramaxillae 2. Epurals 3. Subocular shelf, ortbitosphenoid, and basisphenoid present. Vertebrae usually 29 or 30. Maximum length is 38 cm. Usually found in depths between 180 and 640 m.	NA	NA	1	2000-05-09T00:00:00Z	NA	NA	NA	NA	Bartfische	Poissons-chèvres	Polimixiformi	NA	Polimixídeos 	Barbudo's	NA	NA	NA	NA	&#1073;&#1072;&#1088;&#1073;&#1091;&#1076;&#1086;&#1086;&#1073;&#1088;&#1072;&#1079;&#1085;&#1099;&#1077;	???????????????	skäggfiskar	&#1083;&#1091;&#1095;&#1077;&#1087;&#1077;&#1088;&#1099;&#1077;	Greek aktis = ray, thunderbolt, beam + Greek pterygion, diminutive of pteryx = wing, fin. Ref. 45335.	NA
18	Polypteriformes	7463	10621	0	NA	bichirs	elongated	0	-1	-1	All Freshwater	1	14	Greek, poly = a lot of + Greek, pteron = fin + Latin, forma = shape (Ref. 45335).	9	Cladistii	NA	NA	NA	NA	NA	Acipenseriformes	200	30649	30653	middle	Jurassic	NA	NA	-1	Rhombic ganoid scales; spiracular, opening large but canal lost; dorsal fin consisting of 5-18 finlets, each with a single spine to which is attached one or more soft rays; pectoral fin rays supported by numerous ossified radials which attach to a cartilaginous plate and two rods, thence to the scapula and coracoid; a pair of gular plates, no branchiostegals; maxilla firmly united to skull; intestine with spiral valve; lungs partially used in respiration; vertebrae with ossified centra and neural canal. Maximum length about 90 cm, most species less than 30 cm.	NA	NA	1	1999-12-11T00:00:00Z	2	1999-12-14T00:00:00Z	NA	NA	Flösselhechtverwandte	Polyptères	Polipteriformi	NA	Peixes-manel	Kwastsnoeken	NA	NA	?????????????????	&#928;&#959;&#955;&#965;&#960;&#964;&#949;&#961;&#965;&#947;&#953;&#972;&#956;&#959;&#961;&#966;&#945;	&#1084;&#1085;&#1086;&#1075;&#1086;&#1087;&#1077;&#1088;&#1086;&#1086;&#1073;&#1088;&#1072;&#1079;&#1085;&#1099;&#1077;	?????????????????	fengäddor	&#1083;&#1091;&#1095;&#1077;&#1087;&#1077;&#1088;&#1099;&#1077;	Greek aktis = ray, thunderbolt, beam + Greek pterygion, diminutive of pteryx = wing, fin. Ref. 45335.	NA
12	Pristiformes	7463	NA	-1	NA	sawfishes	elongated	-1	-1	-1	marine and freshwater	1	7	Greek, pristis, -eos = a kind of shark + Latin, forma = shape (Ref. 45335).	4	Elasmobranchii	NA	NA	NA	NA	NA	Torpediniformes	100	30654	NA	middle	Cretaceous	NA	NA	-1	Snout produced in a long flat blade with teeth on each side (teeth of equal size and embedded in deep sockets); barbels absent; body somewhat sharklike, although the head is depressed; two distinct dorsal fins and a caudal fin.	NA	NA	1	1999-12-11T00:00:00Z	2	2000-04-27T00:00:00Z	NA	NA	Sägerochen, Sägefische	Poissons-scies	Pristiformi	NA	Peixes-serra	Zaagvissen	NA	NA	NA	NA	&#1087;&#1080;&#1083;&#1086;&#1088;&#1099;&#1083;&#1086;&#1086;&#1073;&#1088;&#1072;&#1079;&#1085;&#1099;&#1077;	????????????????	NA	&#1087;&#1083;&#1072;&#1089;&#1090;&#1080;&#1085;&#1086;&#1078;&#1072;&#1073;&#1077;&#1088;&#1085;&#1099;&#1077;	Greek eulanein, elasmos = metal beaten out + Greek brangchia = gills. Ref. 45335.	NA
10	Pristiophoriformes	7463	10342	0	NA	saw sharks	elongated	-1	0	0	All Marine	1	10	Greek, pristis, -eos = a kind of shark + Latin ferre = to carry + Latin, forma = shape (Ref. 45335).	4	Elasmobranchii	NA	NA	NA	NA	NA	Pristiformes	145	30654	NA	late	Jurassic	NA	NA	-1	Body sharklike; snout produced in a long flat blade with teeth on each side (teeth unequal in size, usually alternating large and small, and weakly embedded); one pair of long barbels; no dorsal fin spines (sometimes present as internal rudiments); anal fin absent; spiracles large. Maximum length 1.4 m.	NA	NA	1	1999-12-11T00:00:00Z	2	1999-12-11T00:00:00Z	NA	NA	Sägehaie	Requins-scies	Pristioforiformi	NA	Peixes-serra	Zaaghaaien	NA	NA	NA	NA	&#1087;&#1080;&#1083;&#1086;&#1085;&#1086;&#1089;&#1086;&#1086;&#1073;&#1088;&#1072;&#1079;&#1085;&#1099;&#1077;	????????????????	såghajartade hajar	&#1087;&#1083;&#1072;&#1089;&#1090;&#1080;&#1085;&#1086;&#1078;&#1072;&#1073;&#1077;&#1088;&#1085;&#1099;&#1077;	Greek eulanein, elasmos = metal beaten out + Greek brangchia = gills. Ref. 45335.	NA
14	Rajiformes	7463	10450	0	NA	skates and rays	other	-1	-1	0	All Marine	4	307	Latin, raja = ray + Latin, forma = shape (Ref. 45335).	4	Elasmobranchii	In Ref. 114953:  Anacanthobatidae, Arhynchobatidae, Gurgesiellidae, Rajidae,	NA	NA	NA	NA	Torpediniformes	50	30654	NA	early	Tertiary	middle	Eocene	0	Gill openings ventral; anterior edge of the greatly enlarged pectoral fin attached to side of head, anterior to the gill openings; anal fin absent; eyes and spiracles on dorsal surface; anterior vertebrae fused to form a synarcual; suprascapulae of pectoral girdles joined dorsally over vertebral column and articulating with column of synarcual or fused with synarcual; nictitating membrane absent, cornea attached directly to skin around the eyes; body generally strongly depressed; jaws protrusible in most; teeth pavementlike; in most, water for breathing taken in chiefly through the spiracle rather than the mouth (except for those living off the bottom); most give birth to live young (some have eggs encased in a horny capsule); the snout may function as an electroreceptive organ (as may be true for all elasmobranchs).	NA	NA	1	1999-12-11T00:00:00Z	2	1999-12-11T00:00:00Z	NA	NA	Rochen	Raies, pastenagues, mantas et guitares de mer	Raiformi	NA	Raias	Rogachtigen	NA	NA	??????????	&#929;&#945;&#947;&#953;&#972;&#956;&#959;&#961;&#966;&#945;	&#1089;&#1082;&#1072;&#1090;&#1086;&#1086;&#1073;&#1088;&#1072;&#1079;&#1085;&#1099;&#1077;&#44;&#32;&#1088;&#1086;&#1084;&#1073;&#1086;&#1090;&#1077;&#1083;&#1099;&#1077;&#32;&#1089;&#1082;&#1072;&#1090;&#1099;	?????????????, ?????????? ?????	rockor	&#1087;&#1083;&#1072;&#1089;&#1090;&#1080;&#1085;&#1086;&#1078;&#1072;&#1073;&#1077;&#1088;&#1085;&#1099;&#1077;	Greek eulanein, elasmos = metal beaten out + Greek brangchia = gills. Ref. 45335.	NA
66	Rhinopristiformes	114953	10405	0	NA	shovelnose rays	other	-1	-1	-1	Mostly Marine	5	71	NA	4	Elasmobranchii	In Ref. 114953:  Glaucostegidae, Pristidae, Rhinidae, Rhinobatidae, Trygonorrhinidae	NA	NA	NA	NA	NA	NA	NA	NA	NA	NA	NA	NA	0	NA	NA	NA	14	2017-05-16T00:00:00Z	NA	NA	NA	NA	NA	NA	NA	NA	NA	NA	NA	NA	NA	NA	NA	NA	NA	NA	NA	NA
27	Saccopharyngiformes	7463	10855	0	NA	swallowers and gulpers	NA	-1	0	0	All Marine	5	28	Latin, saccus = sack + Greek, pharyngx = pharynx + Greek, morphe = shape (Ref. 45335).	6	Actinopteri	In Wiley & Johnson (2010: Ref. 84927):  Saccopharyngoidei in Anguilliformes.	NA	NA	NA	NA	Anguilliformes	85	30656	30652	middle	Cretaceous	NA	NA	0	Highly aberrant fishes, lacking symplectic bone, opercular bones, branchiostegal rays, scales, pelvic fins, ribs, pyloric caeca, and swim bladder; caudal fin absent or rudimentary; gill openings ventral; dorsal and anal fins long; jaws and hyomandibular greatly elongate, attached to neurocranium by only one condyle; leptocephalous larvae deep-bodied with myomeres V-shaped and not W-shaped. Like anguilliforms, they may spawn once and die.	NA	NA	1	1999-12-11T00:00:00Z	2	1999-12-14T00:00:00Z	NA	NA	Pelikanaale	Grandgousiers	Saccofaringiformi	NA	Sacofaringiformes	Pelikaanalen	NA	NA	NA	NA	&#1084;&#1077;&#1096;&#1082;&#1086;&#1088;&#1086;&#1090;&#1086;&#1086;&#1073;&#1088;&#1072;&#1079;&#1085;&#1099;&#1077;	?????????????????	pelikanålartade fiskar	&#1083;&#1091;&#1095;&#1077;&#1087;&#1077;&#1088;&#1099;&#1077;	Greek aktis = ray, thunderbolt, beam + Greek pterygion, diminutive of pteryx = wing, fin. Ref. 45335.	NA
36	Salmoniformes	7463	11953	0	NA	salmons	fusiform / normal	-1	-1	-1	Mostly Freshwater	1	226	Latin, salmo = salmon, 1884 + Latin, forma = shape (Ref. 45335).	6	Actinopteri	In Wiley & Johnson (2010: Ref. 84927):  Salmoniformes.	NA	NA	NA	NA	Esociformes	110	30652	30657	middle	Cretaceous	NA	NA	0	Deep posterior myodome with eye musculature passing through and attaching to trunk muscles; adipose fin present; mesocoracoid present; gill membranes extending far forward, free from isthmus; pelvic axillary process present; last three vertebrae turned up; 11-210 pyloric caeca; 7-20 branchiostegal rays; vertebrae 50-75; tetraploid karyotype; parr marks in young of most species. Maximum length up to 1.5 m. This order has high value in sport and commercial fisheries.	NA	NA	1	1999-12-11T00:00:00Z	1	1999-12-15T00:00:00Z	NA	NA	Lachsfische	Saumons, corégones et truites	Salmoniformi	NA	Salmões	Zalmachtigen	NA	NA	???????????	&#931;&#945;&#955;&#956;&#959;&#957;&#959;&#949;&#953;&#948;&#942;	&#1083;&#1086;&#1089;&#1086;&#1089;&#1077;&#1086;&#1073;&#1088;&#1072;&#1079;&#1085;&#1099;&#1077;	??????????????	laxartade fiskar	&#1083;&#1091;&#1095;&#1077;&#1087;&#1077;&#1088;&#1099;&#1077;	Greek aktis = ray, thunderbolt, beam + Greek pterygion, diminutive of pteryx = wing, fin. Ref. 45335.	NA
76	Scombriformes	123477	12673	0	NA	mackerels	NA	-1	-1	-1	Mostly Marine	16	278	NA	6	Actinopteri	NA	NA	NA	NA	NA	NA	NA	NA	NA	NA	NA	NA	NA	0	NA	NA	NA	303	NA	NA	NA	303	NA	NA	NA	NA	NA	NA	NA	NA	NA	NA	NA	NA	NA	NA	NA	NA	NA
59	Scorpaeniformes	7463	NA	-1	NA	scorpionfishes and flatheads	NA	-1	-1	-1	mostly marine	35	1650	Greek, skorpaina, scorpene, 1706. It is a diminutive of Greek, skorpios, ""scorpion"" + Latin, forma = shape (Ref. 45335).  However, the name 'could be Latin in origin ('scrofa') meaning sow, probably because of its plumpness (P.Adamicka, pers.comm. 08/09).	6	Actinopteri	In Wiley & Johnson (2010: Ref. 84927):  Scorpaeniformes incl. Serranoidei.	NA	NA	NA	NA	Perciformes	15	30652	30649	late	Tertiary	middle	Miocene	0	Contains the ""mail-cheeked"" fishes, distinguished by the suborbital stay, a posterior extension of the third infraorbital bone (counting the lachrymal), which extends across the cheek to the preoperculum and is usually firmly attached to that bone. Head and body tend to be spiny or have bony plates; pectoral fin usually rounded, membranes between lower rays often incised; caudal fin usually rounded (occasionally truncate, rarely forked).	NA	NA	1	1999-12-11T00:00:00Z	14	2000-04-11T00:00:00Z	NA	NA	Drachenkopfartige, Panzerwangen	Rascasses, grondins, limaces et terpugas	Scorpeniformi	NA	Peixes-escorpião	Schorpioenvisachtigen	NA	NA	?????????????	&#931;&#954;&#959;&#961;&#960;&#945;&#953;&#957;&#959;&#949;&#953;&#948;&#942;	&#1089;&#1082;&#1086;&#1088;&#1087;&#1077;&#1085;&#1086;&#1086;&#1073;&#1088;&#1072;&#1079;&#1085;&#1099;&#1077;	????????????????	kindpansrade fiskar	&#1083;&#1091;&#1095;&#1077;&#1087;&#1077;&#1088;&#1099;&#1077;	Greek aktis = ray, thunderbolt, beam + Greek pterygion, diminutive of pteryx = wing, fin. Ref. 45335.	NA
32	Siluriformes	7463	11530	0	NA	catfish	NA	-1	-1	-1	Mostly Freshwater	39	3841	Greek, silouros, silurus, sly silurus (Silurus glanis) + Latin, forma = shape (Ref. 45335).	6	Actinopteri	In Wiley & Johnson (2010: Ref. 84927):  Siluriformes.	NA	NA	NA	NA	Gymnotiformes	150	30652	30657	late	Jurassic	NA	NA	0	Symplectic, subopercular, basihyal, and intermuscular bones absent; parietals probably present but fused to supraoccipital; mesopterygoid very reduced; preopercle and interopercle relatively small; posttemporal probably fused to supracleithrum but thought by some to be present as a separate element in many families; vomer usually toothed (as is the pterygoid and palatine); dorsal- and anal fin pterygiophores lacking middle radial ossification (as is also true for gymnotiforms), distal radial also absent in silurids; adipose fin usually present; spinelike (=spinous) rays often present at the front of the dorsal and pectoral fins (referred to as spines in family descriptions) (the dorsal fin of most catfishes technically has two spines - the first being very short and forming a locking mechanism for the second spine, which is usually the only one referred to in the family descriptions); body either naked or covered with bony plates; normally up to four pairs of barbels on head, one nasal, one maxillary, and two on chin (i.e., on the lower jaw or mandible), the nasal and chin barbels may be variously absent; maxilla toothless and rudimentary (except in Diplomystidae and the extinct Hypsidoridae), supporting a barbel; principal caudal fin rays 18 or fewer (most with 17); caudal skeleton varying between having six separate hypural plates to complete fusion of caudal elements; eyes usually small (barbels are important in detecting food); air-breathing organs in Clariidae and Heteropneustidae. In contrast to other teleosts, where the urohyal forms as an unpaired ossification of the tendon of the sternohyoideus muscle, which is equivalent to ""parurohyal"" in siluriforms.	NA	NA	1	1999-12-11T00:00:00Z	2	1999-12-15T00:00:00Z	NA	NA	Welsartige	Poissons-chats	Siluriformi	NA	Peixes-gato	Meervalachtigen	NA	NA	NA	NA	&#1089;&#1086;&#1084;&#1086;&#1086;&#1073;&#1088;&#1072;&#1079;&#1085;&#1099;&#1077;	????????????	malartade fiskar	&#1083;&#1091;&#1095;&#1077;&#1087;&#1077;&#1088;&#1099;&#1077;	Greek aktis = ray, thunderbolt, beam + Greek pterygion, diminutive of pteryx = wing, fin. Ref. 45335.	NA
9	Squaliformes	7463	10279	0	NA	sleeper and dogfish sharks	elongated	-1	-1	0	All Marine	6	138	Latin, squalus, squalidus = weak, pale, with rough skin + Latin, forma = shape (Ref. 45335).	4	Elasmobranchii	NA	NA	NA	NA	NA	Squatiniformes	155	30654	NA	late	Jurassic	NA	NA	-1	Two dorsal fins, with or without spines; anal fin absent; five gill slits; spiracles present; nictitating lower eyelid absent. Many species are known from deep water.	NA	NA	1	1999-12-11T00:00:00Z	14	1999-12-11T00:00:00Z	NA	NA	Dorn- und Stachelhaie	Squales	Squaliformi	NA	Tubarões-prego	Doornhaai-achtigen	NA	NA	????????????	&#931;&#954;&#959;&#965;&#945;&#955;&#972;&#956;&#959;&#961;&#966;&#945;	&#1082;&#1072;&#1090;&#1088;&#1072;&#1085;&#1086;&#1086;&#1073;&#1088;&#1072;&#1079;&#1085;&#1099;&#1077;	???????????????	pigghajartade hajar	&#1087;&#1083;&#1072;&#1089;&#1090;&#1080;&#1085;&#1086;&#1078;&#1072;&#1073;&#1077;&#1088;&#1085;&#1099;&#1077;	Greek eulanein, elasmos = metal beaten out + Greek brangchia = gills. Ref. 45335.	NA
11	Squatiniformes	7463	10351	0	NA	angel sharks	other	-1	-1	0	All Marine	1	25	Latin, squatina = a kind of shark (Ref. 45335).	4	Elasmobranchii	NA	NA	NA	NA	NA	Squaliformes	155	30654	NA	late	Jurassic	NA	NA	-1	Body raylike; eyes dorsal; two spineless dorsal fins; no anal fin; five gill openings; spiracle large; mouth almost terminal; nostrils terminal with barbels on anterior margin. Maximum length up to 2 m.	NA	NA	1	1999-12-11T00:00:00Z	303	2013-01-02T00:00:00Z	NA	NA	Engelshaie	Anges de mer	Squatiniformi	NA	Peixes-anjo	Schoorhaaien of Zee-engelen	NA	NA	??????????????	&#931;&#954;&#959;&#965;&#945;&#964;&#953;&#957;&#972;&#956;&#959;&#961;&#966;&#945;	&#1089;&#1082;&#1074;&#1072;&#1090;&#1080;&#1085;&#1086;&#1086;&#1073;&#1088;&#1072;&#1079;&#1085;&#1099;&#1077;	????????????????	havsängelartade hajar	&#1087;&#1083;&#1072;&#1089;&#1090;&#1080;&#1085;&#1086;&#1078;&#1072;&#1073;&#1077;&#1088;&#1085;&#1099;&#1077;	Greek eulanein, elasmos = metal beaten out + Greek brangchia = gills. Ref. 45335.	NA
52	Stephanoberyciformes	7463	NA	-1	NA	pricklefishes, bigscales and gibberfishes	fusiform / normal	-1	0	0	all marine	4	73	Greek, stephanos = crown + Greek, Greek, beryx or berys = a name of a fish, in reference to Berycidae with thin  osseus ridges on the head.	6	Actinopteri	In Wiley & Johnson (2010: Ref. 84927):  Stephanoberyciformes incl. Cetomimiformes.	NA	NA	NA	NA	Beryciformes	70	7463	NA	NA	NA	NA	NA	0	Body usually roundish; palate toothless; skull bones, in general, exceptionally thin; orbitosphenoid absent (except in <i>Hispidoberyx</i>; subocular shelf absent; supramaxilla absent or reduced.	NA	NA	1	2000-05-09T00:00:00Z	303	2013-01-03T00:00:00Z	NA	NA	Dornfischartige	Poromitres	Stefanobericiformi	NA	Estefanobericiformes	Doornvisachtigen	NA	NA	NA	NA	&#1089;&#1090;&#1077;&#1092;&#1072;&#1085;&#1086;&#1073;&#1077;&#1088;&#1080;&#1082;&#1089;&#1086;&#1086;&#1073;&#1088;&#1072;&#1079;&#1085;&#1099;&#1077;	??????????????????????	knotterfiskartade fiskar	&#1083;&#1091;&#1095;&#1077;&#1087;&#1077;&#1088;&#1099;&#1077;	Greek aktis = ray, thunderbolt, beam + Greek pterygion, diminutive of pteryx = wing, fin. Ref. 45335.	NA
37	Stomiiformes	7463	11998	0	NA	lightfishes and dragonfishes	NA	-1	0	0	All Marine	4	423	Greek, stoma = mouth + Latin, forma = shape (Ref. 45335).	6	Actinopteri	In Wiley & Johnson (2010: Ref. 84927):  Stomiatiformes.	NA	NA	NA	NA	Aulopiformes	70	30652	30649	late	Cretaceous	NA	NA	0	Luminescent organs (photophores) present; chin barbel present in some; premaxilla and maxilla in gape of mouth - both have teeth; mouth extending past eye in most; scales, if present, cycloid and easily lost; pectoral, dorsal, or adipose fins absent in some; ventral adipose fin present in some; pelvic fin rays 4-9; branchiostegal rays 5-24. Color in most is dark brown or black; some are silvery (primarily some Gonostomatoidei). Most tropical to temperate; many are deep-sea.	NA	NA	1	1999-12-11T00:00:00Z	2	1999-12-15T00:00:00Z	NA	NA	Laternenfischartige	Haches d'argent	Stomiiformi	NA	Peixes-luz e peixes-dragão	Grootbekken	NA	NA	NA	NA	&#1089;&#1090;&#1086;&#1084;&#1080;&#1077;&#1086;&#1073;&#1088;&#1072;&#1079;&#1085;&#1099;&#1077;	??????????????	drakfiskartade fiskar	&#1083;&#1091;&#1095;&#1077;&#1087;&#1077;&#1088;&#1099;&#1077;	Greek aktis = ray, thunderbolt, beam + Greek pterygion, diminutive of pteryx = wing, fin. Ref. 45335.	NA
73	Stylephoriformes	123477	12331	0	NA	tube-eyes or thread-tails	NA	-1	0	0	All Marine	1	1	NA	6	Actinopteri	NA	NA	NA	NA	NA	NA	NA	NA	NA	NA	NA	NA	NA	0	NA	NA	NA	303	NA	NA	NA	303	NA	NA	NA	NA	NA	NA	NA	NA	NA	NA	NA	NA	NA	NA	NA	NA	NA
58	Synbranchiformes	7463	13006	0	NA	spiny eels	eel-like	0	-1	-1	All Freshwater	4	124	Greek, syn = together, adhesion + Greek, brangchia = gills + Latin, forma = shape (Ref. 45335).	6	Actinopteri	In Wiley & Johnson (2010: Ref. 84927):  Synbranchiformes.	NA	NA	NA	NA	Scorpaeniformes	15	30652	30649	late	Tertiary	middle	Miocene	-1	Body elongate; pelvic fins absent; gill openings confined to lower half of body; ectopterygoid enlarged; mesopterygoid reduced or absent; premaxillary nonprotrusible and without ascending process.
All species except three occur in freshwater.	NA	NA	1	1999-12-11T00:00:00Z	2	2000-04-11T00:00:00Z	NA	NA	Kiemenschlitzaale	Mastas	Sinbranchiformi	NA	Enguias espinhosas	Kieuwspleetalen	NA	NA	???????????????	&#931;&#965;&#956;&#946;&#961;&#945;&#947;&#967;&#953;&#972;&#956;&#959;&#961;&#966;&#945;	&#1089;&#1083;&#1080;&#1090;&#1085;&#1086;&#1078;&#1072;&#1073;&#1077;&#1088;&#1085;&#1080;&#1082;&#1086;&#1086;&#1073;&#1088;&#1072;&#1079;&#1085;&#1099;&#1077;	???????????????????????	sumpålsartade fiskar	&#1083;&#1091;&#1095;&#1077;&#1087;&#1077;&#1088;&#1099;&#1077;	Greek aktis = ray, thunderbolt, beam + Greek pterygion, diminutive of pteryx = wing, fin. Ref. 45335.	NA
57	Syngnathiformes	7463	12817	0	NA	pipefishes and seahorses	NA	-1	-1	-1	Mostly Marine	5	331	Greek, syn = with, together + Greek, gnathos = jaw + Latin, forma = shape (Ref. 45335).	6	Actinopteri	In Wiley & Johnson (2010: Ref. 84927):  Syngnathoidei in Gasterosteiformes.	NA	NA	NA	NA	Synbranchiformes	15	30652	30649	late	Tertiary	middle	Miocene	0	Body elongate and encased in a series of bony rings; mouth small, at end of tube-shaped snout (except in the ""finless"" pipefish <i>Bulbonaricus</i>, whose adults lack even a short tubiform snout); pelvic fins, when present, abdominal; upper jaw not protractile; lachrymal usually present, other circumorbital bones usually absent; ribs absent; anterior 3-6 vertebrae elongate; aglomerular kidney in at least some.	NA	NA	1	1999-12-11T00:00:00Z	2	2000-04-27T00:00:00Z	NA	NA	Seenadelartige	Hippocampes, syngnathes, poissons-trompettes et bé	Signatiformi	NA	Cavalos-marinhos e peixes-cachimbo	Zeenaaldachtigen	NA	NA	????????????	&#931;&#965;&#947;&#957;&#945;&#952;&#972;&#956;&#959;&#961;&#966;&#945;	&#1080;&#1075;&#1083;&#1086;&#1086;&#1073;&#1088;&#1072;&#1079;&#1085;&#1099;&#1077;	????????????	NA	&#1083;&#1091;&#1095;&#1077;&#1087;&#1077;&#1088;&#1099;&#1077;	Greek aktis = ray, thunderbolt, beam + Greek pterygion, diminutive of pteryx = wing, fin. Ref. 45335.	NA
62	Tetraodontiformes	7463	14104	0	NA	puffers and filefishes	NA	-1	-1	-1	Mostly Marine	10	443	Greek, tetra = four + Greek, odous = teeth + Latin, forma = shape (Ref. 45335).	6	Actinopteri	In Wiley & Johnson (2010: Ref. 84927):  Tetraodontiformes.	NA	NA	NA	NA	Pleuronectiformes	15	30652	30649	late	Tertiary	middle	Miocene	0	No parietals, nasals, or infraorbitals, and usually no lower ribs; posttemporal, if present, simple and fused with pterotic of skull; hyomandibular and palatine firmly attached with premaxilla; scales usually modified as spines, shields, or plates; lateral line present or absent, sometimes multiple; swim bladder present except in molids; 16-30 vertebrae.	NA	NA	1	1999-12-11T00:00:00Z	14	2000-04-11T00:00:00Z	NA	NA	Kugelfischverwandte	Balistes, poissons-globes et poissons-coffres	Tetraodontiformi	NA	Peixes-balão	Kogelvisachtigen	NA	NA	????????????????	&#932;&#949;&#964;&#961;&#945;&#959;&#948;&#959;&#957;&#964;&#972;&#956;&#959;&#961;&#966;&#945;	&#1080;&#1075;&#1083;&#1086;&#1073;&#1088;&#1102;&#1093;&#1086;&#1086;&#1073;&#1088;&#1072;&#1079;&#1085;&#1099;&#1077;&#44;&#32;&#1089;&#1082;&#1072;&#1083;&#1086;&#1079;&#1091;&#1073;&#1086;&#1086;&#1073;&#1088;&#1072;&#1079;&#1085;&#1099;&#1077;	?????????????????, ?????????????????	blåsfiskartade fiskar	&#1083;&#1091;&#1095;&#1077;&#1087;&#1077;&#1088;&#1099;&#1077;	Greek aktis = ray, thunderbolt, beam + Greek pterygion, diminutive of pteryx = wing, fin. Ref. 45335.	NA
13	Torpediniformes	7463	10360	0	NA	electric rays	other	-1	-1	0	All Marine	5	73	Latin, torpere, to be stiffed, paralyzed stiffness + + Latin, forma = shape (Ref. 45335).	4	Elasmobranchii	In Ref. 114953:  Hypnidae, Narcinidae, Narkidae, Torpedinidae	NA	NA	NA	NA	Rajiformes	50	30654	NA	early	Tertiary	middle	Eocene	-1	Disc truncate or emarginate anteriorly; jaws extremely slender; no labial cartilages; rostrum absent or reduced.	NA	NA	1	1999-12-11T00:00:00Z	2	2000-04-27T00:00:00Z	NA	NA	Zitterrochen	Torpilles	Torpediniformi	NA	Raias-eléctricas	Sidderroggen	NA	NA	??????????????	&#932;&#959;&#961;&#960;&#949;&#957;&#953;&#948;&#972;&#956;&#959;&#961;&#966;&#945;	&#1075;&#1085;&#1102;&#1089;&#1086;&#1086;&#1073;&#1088;&#1072;&#1079;&#1085;&#1099;&#1077;	?????????????	NA	&#1087;&#1083;&#1072;&#1089;&#1090;&#1080;&#1085;&#1086;&#1078;&#1072;&#1073;&#1077;&#1088;&#1085;&#1099;&#1077;	Greek eulanein, elasmos = metal beaten out + Greek brangchia = gills. Ref. 45335.	NA
74	Trachichthyiformes	123477	12574	0	NA	roughies	NA	-1	0	0	All Marine	5	67	NA	6	Actinopteri	NA	NA	NA	NA	NA	NA	NA	NA	NA	NA	NA	NA	NA	0	NA	NA	NA	303	NA	NA	NA	303	NA	NA	NA	NA	NA	NA	NA	NA	NA	NA	NA	NA	NA	NA	NA	NA	NA
55	Zeiformes	7463	12277	0	NA	dories	NA	-1	-1	0	All Marine	6	33	Greek, Zeus = the supreme deity of the ancients Greeks, 1839 + Latin, forma = shape (Ref. 45335).	6	Actinopteri	In Wiley & Johnson (2010: Ref. 84927):  Zeiformes.	NA	NA	NA	NA	Gasterosteiformes	15	30652	30649	late	Tertiary	middle	Miocene	0	Pelvic fin with or without a spine and 5-10 soft rays; caudal fin usually with 11 branched rays (13 in grammicolepidids); dorsal fin spines 5-10; anal fin spines 0-4; soft rays of dorsal, anal, and pectoral fins not branched; body usually thin and deep; jaws usually greatly distensible; no orbitosphenoid; simple posttemporal fused to skull; swim bladder present; branchiostegal rays 5-8; vertebrae 21-46. Caproids have the lowest number of vertebrae and grammicolepidids the highest. All species are marine, most are deep sea.	NA	NA	1	1999-12-11T00:00:00Z	2	2000-04-11T00:00:00Z	NA	NA	Petersfischartige	Saint-Pierre et sangliers	Zeiformi	NA	Peixes-galo	Zonnevisachtigen of Haanvissen	NA	NA	????????	&#918;&#949;&#972;&#956;&#959;&#961;&#966;&#945;	&#1089;&#1086;&#1083;&#1085;&#1077;&#1095;&#1085;&#1080;&#1082;&#1086;&#1086;&#1073;&#1088;&#1072;&#1079;&#1085;&#1099;&#1077;	??????????????????	sanktpersfiskartade fiskar	&#1083;&#1091;&#1095;&#1077;&#1087;&#1077;&#1088;&#1099;&#1077;	Greek aktis = ray, thunderbolt, beam + Greek pterygion, diminutive of pteryx = wing, fin. Ref. 45335.	NA
